-6.8704e-47,-0.01203,-0.010389,-6.8205e-47,4.9956e-47,-4.7633e-47,-4.5914e-47
-6.8704e-47,-0.01203,-0.010389,-6.8205e-47,4.9956e-47,-4.7633e-47,-4.5914e-47
-6.8704e-47,-0.01203,-0.010389,-6.8205e-47,4.9956e-47,-4.7633e-47,-4.5914e-47
-6.8704e-47,-0.01203,-0.010389,-6.8205e-47,4.9956e-47,-4.7633e-47,-4.5914e-47
-0.010944,-0.01203,-0.010389,-1.0926e-07,4.9956e-47,-4.7633e-47,-4.5914e-47
-0.010944,-0.01203,-0.010389,-6.2015e-16,4.9956e-47,-4.7633e-47,-4.5914e-47
0.29862,-0.11708,-0.39939,0.094859,0.076478,-1.1212e-16,-0.010638
0.087304,-6.8515e-14,-0.10644,0.1874,0.14953,-4.7633e-47,-0.044217
0.089223,-0.01203,-0.1412,0.17918,0.098514,-1.9731e-07,-0.094127
-0.036339,0.02229,0.032957,0.1993,0.11885,-3.5596e-20,-0.14079
0.13344,-0.01203,-0.20863,0.21461,0.084545,-0.089339,-0.11244
0.408,-0.015738,-0.62495,0.26642,0.061954,-0.10896,-0.091101
0.26102,0.12277,-0.18867,0.22101,0.037636,-6.2643e-11,-0.19116
0.010327,0.18416,6.0642e-08,0.18973,-0.011575,-0.076741,-0.16521
-0.052473,0.35271,0.16622,0.12698,-0.13409,-0.10943,-0.18986
0.48367,0.30838,-0.39013,0.19226,-0.18464,-0.17773,-0.16666
0.33937,0.52231,-0.13408,0.25554,-0.23356,-0.083043,-0.25963
-0.021268,0.63953,0.24607,0.16297,-0.25995,-0.10547,-0.27089
-0.23549,0.6051,0.53094,0.081052,-0.23467,-0.14572,-0.27844
0.010924,0.5282,0.21135,0.055359,-0.3007,-0.13791,-0.21466
0.63293,0.31481,-0.49581,0.19687,-0.23353,-0.12007,-0.073162
0.73801,0.2752,-0.68136,0.13751,-0.25257,-0.097891,-0.032193
0.65965,0.37012,-0.58173,0.07771,-0.37815,-0.15647,-0.010638
0.014316,0.69197,0.061432,-0.11624,-0.46196,-0.21624,-0.1017
0.26839,0.54328,-0.19492,-0.10001,-0.42425,-0.22774,-0.031034
0.43049,0.29994,-0.57421,0.010836,-0.32136,-0.22712,-4.5914e-47
0.5761,0.21674,-0.59976,0.16835,-0.18802,-0.2003,-1.0844e-19
0.61153,0.063952,-0.85879,0.27541,-0.15517,-0.19862,0.019393
0.38746,0.12157,-0.76881,0.42049,-0.20784,-0.70683,-0.047534
-0.11515,0.059609,-0.32096,0.32924,-0.086727,-0.91388,-0.2308
-0.47516,0.084846,-0.029639,0.27428,-2.0647e-05,-0.90469,-0.33749
-0.39209,0.13402,-0.052723,0.38282,0.044969,-0.72488,-0.26088
-0.36111,0.22262,-0.051674,0.3961,0.13354,-0.95547,-0.1528
-0.28724,0.26332,-0.14658,0.28859,0.045001,-0.95611,-0.077249
-0.20168,0.33019,-0.19083,0.1893,-0.011575,-0.75267,-5.9266e-23
-0.17089,0.36639,-0.26889,0.096452,-0.17594,-0.97503,0.090369
-0.11557,0.34282,-0.36422,1.0951e-09,-0.44357,-0.94655,0.3908
-0.051782,0.43518,-0.43193,-0.023378,-0.78371,-0.86727,0.71496
-6.8704e-47,0.57519,-0.40268,-0.02757,-0.87382,-0.67223,0.73709
0.020285,0.55362,-0.26469,-0.010864,-0.80136,-0.54015,0.66195
0.11583,0.68045,-0.23632,0.075013,-0.86207,-0.47679,0.52523
0.26306,0.56738,-0.5214,0.41833,-0.76178,-0.74573,0.36582
0.49973,0.45133,-0.55973,0.58751,-0.61466,-0.56449,0.38252
0.60904,0.44935,-0.54711,0.61455,-0.69633,-0.22452,0.40935
0.53722,0.56033,-0.46344,0.71432,-0.85903,-0.32073,0.48103
0.50538,0.50098,-0.41947,0.75862,-0.62897,-0.55992,0.34574
0.42479,0.96641,-0.058349,0.8716,-0.80648,-0.59803,0.40154
0.19057,0.89698,0.19058,0.7303,-0.92203,-0.51479,0.27838
0.2923,0.7634,0.10393,0.76466,-0.45329,-0.7789,0.38933
0.2694,0.24275,-0.099801,0.87252,-0.34183,-0.85663,0.57767
0.32611,0.025764,-0.32699,0.8308,-0.35871,-0.79336,0.55682
0.18429,0.21123,-0.072508,0.60144,-0.40349,-0.44,0.32829
0.02194,0.84928,0.43193,0.41733,-0.21386,-0.51493,-0.25644
-0.060709,0.98136,0.76099,0.30098,-0.023151,-0.14578,-0.64937
-0.05398,0.95315,0.97471,0.046805,-0.049421,-4.7633e-47,-0.56658
-0.059373,0.87908,0.8341,3.54e-34,-0.011575,0.082692,-0.55538
-0.010944,0.75724,0.75595,-6.8205e-47,0.032664,0.13865,-0.31612
-3.6276e-44,0.14289,0.13577,0.22044,0.35261,-0.041885,-0.021327
0.0016011,-0.23433,-0.41043,0.3885,0.67876,-0.3525,-0.074601
0.11561,-0.53131,-0.7494,0.558,0.6552,-0.56615,-3.3792e-35
0.25729,-0.57017,-0.73296,0.72631,0.55881,-0.67395,0.010647
0.19952,-0.024276,-0.44733,0.7437,0.50342,-0.59384,-0.2693
0.081694,0.5078,0.22606,0.27911,0.35239,-3.5153e-08,-0.75125
-0.010944,0.7801,0.72751,-0.054133,0.12947,0.21201,-0.81462
-0.084543,0.65525,0.60966,-0.11769,0.2883,0.096142,-0.86335
-0.16623,0.2566,0.0011064,-1.9666e-18,0.48206,-0.13861,-0.474
-0.14351,-0.19322,-0.54597,0.11862,0.48765,-0.33589,-0.027034
-0.050536,-0.53909,-0.8434,0.22476,0.31446,-0.3195,0.2056
-6.8704e-47,-0.56785,-0.89659,0.19379,0.19448,-0.31168,0.3732
3.4352e-46,-0.59301,-0.79585,0.14891,0.26699,-0.22597,0.33332
-0.011541,-0.53815,-0.88639,0.010899,0.52991,-1.1214e-16,0.016628
-0.12764,-0.14971,-0.0033986,-0.14363,0.59148,0.45917,-0.51405
-0.13772,0.33544,0.59567,-0.24184,0.3387,0.45439,-0.87146
-0.071499,0.46596,0.85388,-0.18987,0.17691,0.38855,-0.76616
-6.1978e-09,0.67349,0.85949,-0.08768,0.15252,0.46736,-0.73365
0.19945,0.57319,0.55386,0.27268,0.31865,0.35347,-0.80891
0.456,-0.046349,-0.54183,0.55803,0.49436,-0.16013,0.0033469
0.29734,-0.33061,-0.73036,0.4256,0.28589,-0.32845,0.23321
0.28637,-0.31818,-0.9275,0.42823,0.22495,-0.35804,0.36514
0.28511,-0.34361,-0.83383,0.34019,0.1727,-0.39586,0.35527
0.33657,-0.28169,-0.77272,0.4408,0.065194,-0.3677,0.4898
0.53584,-0.26107,-0.96072,0.67797,0.19257,-0.3538,0.32495
0.52833,0.012028,-0.1737,0.45078,0.67575,9.1747e-13,-0.41635
0.16288,0.18508,0.34091,0.14381,0.4551,0.2009,-0.87939
0.0019478,0.27218,0.6399,-0.082449,0.46782,0.28778,-0.81625
-0.010944,0.081009,0.45309,-0.31408,0.76286,0.3603,-0.79288
-0.010944,-0.29319,-0.39288,-0.34549,0.53097,-0.07736,0.062676
-0.010944,-0.38224,-0.69694,-0.24273,0.011586,-0.34114,0.57942
-1.1398e-38,-0.53382,-0.97211,-0.20171,-0.043271,-0.33382,0.83659
-0.094195,-0.5629,-0.9043,-0.41844,-6.6293e-19,-0.24476,0.55352
-0.25216,-0.5629,-0.5212,-0.91883,0.35543,0.0060113,0.0011057
-0.40591,-0.34914,0.10542,-0.88255,0.61789,0.31406,-0.7858
-0.25046,-0.10402,0.4486,-0.63383,0.61653,0.31066,-0.83246
-0.30076,-0.034332,0.37648,-0.40525,0.69641,0.25274,-0.8725
-0.19372,-0.01203,0.29221,-0.3429,0.72092,0.13073,-0.90719
-0.084323,-0.10505,0.037674,-0.30476,0.84397,0.017083,-0.91347
0.0033691,-0.23975,-0.29933,-0.17894,0.91828,-0.10431,-0.63413
0.10483,-0.29955,-0.48829,-0.27987,1,-0.30297,-0.5322
0.13333,-0.41931,-0.6231,-0.35232,0.94178,-0.43283,-0.41736
0.071391,-0.66043,-0.84681,-0.60134,0.83216,-0.56539,-0.26548
-0.069812,-0.75656,-0.69855,-0.84092,0.17303,-0.37714,0.19912
-0.19603,-0.36502,-0.18062,-0.41908,-0.73921,-0.052188,0.81942
-0.11945,-0.31797,-0.35666,-0.35177,-0.57125,-0.35784,0.77121
0.10649,-0.41494,-0.74179,-0.45063,0.50738,-0.70019,-0.085125
0.24293,-0.37803,-0.70977,-0.40467,0.75341,-0.6115,-0.21485
0.33671,-0.28049,-0.7758,-0.31228,0.52617,-0.59854,-0.13395
0.27244,-0.21295,-0.76525,-0.17688,0.16376,-0.52159,0.058088
0.28355,-0.19558,-0.70477,-0.12822,0.10858,-0.42465,0.18938
0.29262,-0.23743,-0.58946,-0.23232,0.17947,-0.41683,0.2176
0.33497,-0.27834,-0.63204,-0.31699,0.20271,-0.45022,0.10353
0.29945,-0.26805,-0.73544,-0.32068,0.20314,-0.48055,0.089858
0.3317,-0.25258,-0.8374,-0.36318,0.23703,-0.43909,0.064919
0.35587,-0.20207,-0.80372,-0.35063,0.28336,-0.39012,0.058118
0.36889,-0.17742,-0.79276,-0.28186,0.16488,-0.41662,0.14452
0.33481,-0.14725,-0.67034,-0.24185,0.11041,-0.43722,0.1588
0.32272,-0.12264,-0.78945,-0.27009,0.18197,-0.40013,0.11889
0.34247,-0.16248,-0.78576,-0.3784,0.14755,-0.46616,0.10847
0.33825,-0.11651,-0.83805,-0.34203,0.22296,-0.46961,0.051902
0.42405,-0.067005,-0.7444,-0.40407,0.23478,-0.40344,0.061538
0.4873,-0.023884,-0.71577,-0.29583,0.20219,-0.39716,0.083827
0.43042,-7.5524e-47,-0.73319,-0.1988,0.16632,-0.30673,0.10797
0.39019,0.066863,-0.69586,-0.12529,0.1819,-0.42487,0.15325
0.27005,0.22484,-0.59702,-0.01146,0.063968,-0.6401,0.2993
0.16274,0.40564,-0.48136,0.094856,0.011565,-0.74629,0.40276
-0.010944,0.35468,-0.22593,0.21008,4.9956e-47,-0.65135,0.51295
0.010943,0.19835,-0.13601,0.11127,0.017915,-0.31467,0.43519
0.10472,0.012034,-0.18198,-0.032433,0.063668,-0.017278,0.3313
0.23041,-0.22523,-0.24572,-0.26028,0.053448,0.36318,0.29096
0.30467,-0.35102,-0.2367,-0.29491,0.13566,0.46642,0.14719
0.23389,-0.23726,-0.10518,-0.2495,0.20561,0.21283,-0.010638
0.17574,-0.086525,-0.049229,-0.22846,0.26972,0.072441,-0.11037
0.16274,-0.054534,-0.010389,-0.1915,0.36637,0.067989,-0.1463
0.17887,-0.066402,-1.0531e-14,-0.2104,0.28575,0.091309,-0.13453
0.13837,-0.012239,1.8111e-08,-0.20355,0.43377,6.429e-34,-0.18089
0.13892,-3.7762e-46,0.036855,-0.19225,0.4511,-0.011036,-0.2124
0.10643,-7.5524e-47,0.052177,-0.11777,0.34545,-0.011036,-0.18085
0.099793,-0.01203,0.050378,-0.12451,0.28116,-4.7633e-47,-0.1194
0.098212,-0.02406,0.032745,-0.10296,0.25929,0.011036,-0.13621
0.10741,-0.048849,0.010389,-0.093417,0.1852,0.085332,-0.075322
0.073683,-0.049947,0.010389,-0.072802,0.14955,0.084393,-0.061381
-0.010944,-0.01203,-6.5222e-47,-6.8205e-47,4.9956e-47,-0.011036,-4.5914e-47
-0.010944,-0.01203,-6.5222e-47,-6.8205e-47,4.9956e-47,-0.011036,-4.5914e-47
-0.010944,-0.01203,-6.5222e-47,-6.8205e-47,4.9956e-47,-0.011036,-4.5914e-47
-0.010944,-7.5524e-47,-6.5222e-47,-6.8205e-47,4.9956e-47,-0.011036,-4.5914e-47
-0.076041,-6.8438e-13,0.070436,-6.8205e-47,4.9956e-47,-0.011036,-4.5914e-47
-0.67694,-0.01203,0.51166,0.02741,0.044595,-0.066327,0.031568
-0.63169,-0.032284,0.60474,0.042204,0.063391,-0.03282,0.020999
-0.80474,-0.34805,0.72875,0.13818,0.16463,0.26951,0.087868
-0.61681,-0.51961,0.81669,0.28859,0.10112,0.49033,0.11322
-0.54546,-0.68887,0.69473,0.33854,0.10263,0.483,0.10127
-0.56765,-0.77274,0.96931,0.35112,0.072603,0.60883,0.11217
-0.66804,-0.7301,0.87092,0.34154,0.0098812,0.55234,0.07441
-0.63863,-0.52119,0.81286,0.29236,-0.011575,0.41452,0.042044
-0.71821,-0.44488,0.77059,0.25376,-0.092336,0.18386,1.5726e-12
-0.72308,-0.63653,0.7093,0.36943,-0.12177,0.41144,-0.010638
-0.40577,-0.93131,0.86573,0.49544,-0.17112,0.6908,-0.021276
-0.072591,-0.95009,0.47321,0.57813,-0.22132,0.69698,-0.062265
0.35892,-1,0.13285,0.68001,-0.088294,0.81069,-0.10059
0.9648,-0.74644,-0.36858,0.81001,-6.5411e-07,0.62526,-0.28525
0.45181,-0.41837,-0.4043,0.96461,0.12346,0.18037,-0.40098
0.44668,-0.15751,-0.43087,0.99623,0.35968,-0.011036,-0.46354
0.41742,-0.022244,-0.52301,0.95129,0.43172,-0.16121,-0.41191
0.53866,-0.01203,-0.65119,0.6996,0.46971,-0.29205,-0.049287
0.50766,-0.01203,-0.68305,0.23421,0.30672,-0.36099,0.38864
0.17924,-0.21313,-0.26975,-0.070258,0.06839,-0.26349,0.81122
-0.34403,-0.30604,0.37087,-0.43638,-0.10889,-0.18492,0.82864
-0.39027,-0.44929,0.54882,-0.52875,-0.25052,-0.0831,0.90527
-0.14826,-0.41801,0.20911,-0.39439,-0.27153,-0.096369,0.58639
0.042105,-0.35604,-0.13041,-0.18263,-0.20605,-0.094248,0.35614
-0.15765,-0.42427,-0.047121,0.010699,-0.22786,-0.15656,0.090676
-0.35693,-0.48094,0.01921,0.33133,-0.25555,-0.15996,-0.051625
-0.19216,-0.51054,-0.046729,0.50827,-0.32754,-0.18522,-0.24087
-1.9788e-17,-0.51327,-0.19934,0.73437,-0.28442,-0.12056,-0.23911
0.16039,-0.52746,-0.38336,0.75702,-0.25168,-0.10508,-0.25762
0.16659,-0.49862,-0.29271,0.66595,-0.2705,-0.20017,-0.23126
-0.021883,-0.38351,-0.00018515,0.38249,-0.35774,-0.35782,-0.15689
-0.37329,-0.10178,0.21962,-0.036424,-0.43205,-0.62162,-0.010639
-0.33437,-0.056575,0.22167,-0.12394,-0.29711,-0.55699,-4.5914e-47
-0.11584,-0.13938,3.2095e-05,0.11119,-0.071421,-0.31417,-0.084483
0.025257,-0.21355,-0.11581,0.48037,-1.1581e-31,-0.29492,-0.28132
0.0642,-0.33944,-0.21161,0.86116,0.14491,-0.37369,-0.48097
0.038822,-0.31524,-0.21109,0.94305,0.25945,-0.43879,-0.49043
0.18063,-0.47582,-0.31075,0.89945,0.19376,-0.35417,-0.27144
0.24479,-0.46098,-0.39954,0.90006,0.11021,-0.23094,-0.21172
0.27294,-0.4972,-0.40594,1,0.14222,-0.43495,-0.32235
0.023784,-0.2145,-0.2716,0.41481,0.011575,-0.77159,-0.045849
-0.021698,-0.19726,-0.1798,0.22858,0.068824,-0.55452,-0.11195
0.0059618,-0.18835,-0.17602,0.22012,0.07427,-0.35091,-1.9674e-37
0.1159,-0.31858,-0.20448,0.30407,0.011574,-0.16625,0.20945
6.0912e-17,-0.21374,-0.10623,0.28236,0.1028,-0.3516,0.04357
0.010946,-0.25085,-0.11292,0.38374,0.26062,-0.38872,-0.13469
0.14205,-0.35888,-0.13032,0.90599,0.42581,-0.20624,-0.49702
0.16343,-0.41946,-0.061923,0.90416,0.45747,-0.07139,-0.65421
0.19614,-0.38309,-0.08594,0.94658,0.45165,-0.030148,-0.58735
0.19759,-0.33358,-0.12006,0.92878,0.4121,-0.011036,-0.58281
0.13251,-0.33034,-0.16501,0.91492,0.54704,-0.22839,-0.68193
0.086322,-0.31638,-0.15763,0.68051,0.53334,-0.19603,-0.50922
0.058513,-0.33019,-0.18117,0.62676,0.57271,-0.11795,-0.41858
0.014406,-0.26742,-0.19256,0.33319,0.31722,-0.17657,-0.27853
-0.032545,-0.19055,-0.16994,0.022064,0.2888,-0.33383,-0.13249
-0.10762,-0.10649,-0.18116,-0.22292,0.13409,-0.48831,-3.5207e-43
-0.19277,0.020928,-0.18846,-0.50476,-0.011575,-0.4469,0.38567
-0.3334,0.09941,-0.075242,-0.83135,-0.15676,-0.5444,0.59201
-0.46949,0.23694,0.22113,-0.81172,-0.034729,-0.44534,0.3272
-0.32819,0.035651,0.18463,-0.40502,-0.089102,-0.28752,0.10841
-0.22192,-0.01203,0.18159,-0.088376,-0.011575,-0.10578,-0.010638
-0.042503,-0.066987,0.0551,0.12884,-0.011563,-0.011036,-0.091076
-0.010944,-0.12922,3.3699e-25,0.11465,0.040829,-1.1339e-26,-0.13742
-6.8704e-47,-0.083897,-0.010389,0.13434,0.057821,-0.011036,-0.080368
-6.8704e-47,-0.01203,-1.9124e-33,0.042449,3.67e-05,-0.014437,-0.010638
0.032485,-0.01203,-6.5222e-47,6.8205e-47,4.9956e-47,-0.011036,-0.010638
1.9924e-45,-0.03571,-0.010389,0.027376,1.1973e-32,-0.011036,-0.021275
0.038958,-0.060877,-0.010389,0.13576,0.048888,-4.7633e-47,-0.090658
0.060846,-0.081728,-0.029639,0.16297,0.080553,-4.7633e-47,-0.09104
0.11059,-0.01203,-0.18877,0.01701,-0.022847,-0.022073,0.10846
0.082604,-0.01203,-0.14114,-0.060269,-0.2934,-0.030222,0.38735
6.176e-10,-0.018797,-3.3775e-27,-0.071771,-0.28717,-0.011036,0.18878
-0.15201,0.068284,0.030286,-0.43585,-0.344,-0.15659,0.36221
-0.27882,0.17679,0.16038,-0.62313,-0.44262,-0.14985,0.30236
-0.36037,0.20046,0.3422,-0.57708,-0.48596,-0.14944,0.39142
-0.27721,0.19295,0.23005,-0.50511,-0.44475,-0.038388,0.42745
-0.21219,0.13225,0.13979,-0.40971,-0.32561,-4.7633e-47,0.2683
-0.20178,0.18163,0.11619,-0.39672,-0.28142,-0.011036,0.32014
-0.28458,0.23207,0.12957,-0.54849,-0.26269,-0.041168,0.29392
-0.3196,0.17105,0.18895,-0.46749,-0.080045,-0.022022,0.038684
-0.23141,0.12713,0.1627,-0.33198,5.5623e-37,-0.033637,-0.010638
-0.20923,0.08071,0.13283,-0.22796,0.087497,-0.025473,-0.134
-0.18737,0.081001,0.099654,-0.10691,0.1237,-0.03276,-0.15012
-0.27809,0.059828,0.19472,-0.047506,0.46357,-0.014528,-0.40426
-0.24111,0.057672,0.16266,0.0019336,0.64246,-0.022073,-0.60701
-0.22409,0.1233,0.053031,-0.14703,0.4741,-0.11767,-0.36371
-0.18366,0.1592,0.010389,-0.29815,0.088924,-0.083051,-0.03787
-0.23034,0.1992,0.072857,-0.38095,-0.034184,-0.079025,0.05989
-0.32196,0.17454,0.1372,-0.43153,-0.20943,-0.086753,0.17736
-0.2864,0.12254,0.14823,-0.38736,-0.2046,-0.028118,0.18085
-0.23791,0.11494,0.13825,-0.26382,-0.19158,-0.033058,0.13694
-0.1821,0.058347,0.12597,-0.15607,-0.063351,-0.011036,0.039773
-0.20252,0.0235,0.16451,-0.10296,0.052428,-2.0296e-32,-0.12293
-0.18602,0.044164,0.1071,-0.063527,0.25642,-0.011036,-0.26088
-0.17936,0.060991,0.090375,-0.12728,0.25059,-0.042522,-0.25703
-0.233,0.035314,0.12564,-0.094583,0.36147,-0.011036,-0.37499
-0.20458,0.046351,0.20013,-0.021729,0.62938,-0.011036,-0.60931
-0.16328,0.060702,0.040028,-0.038302,0.39051,-0.049121,-0.37093
-0.12285,0.067812,0.029639,-0.023378,0.35372,-0.022064,-0.32193
-0.098047,0.060703,-1.0857e-41,-0.049269,0.23385,-0.042523,-0.21013
-0.098249,0.066564,-6.5222e-47,-0.098651,0.14515,-0.042522,-0.11541
-0.13083,0.067597,-6.5222e-47,-0.125,0.033029,-0.042522,-0.018494
-0.12672,0.056585,0.047248,-0.178,-0.011368,-0.04282,-4.5914e-47
-0.1751,0.01203,0.13237,-0.10807,0.032654,-1.1442e-34,-0.102
-0.16258,-0.01203,0.12729,0.010864,0.34277,0.028119,-0.45089
-0.086963,-2.1875e-22,0.025762,0.10371,0.5239,0.042811,-0.60044
-0.054207,-2.2174e-34,-0.010389,0.15141,0.58108,0.041259,-0.48559
-1.1143e-18,-7.5524e-47,-0.10022,0.14008,0.5415,1.0808e-12,-0.47104
0.038631,0.052347,-0.20491,0.051996,0.37719,-0.011036,-0.30925
0.010942,0.071061,-0.11621,-0.010864,0.16874,-0.029617,-0.12309
-0.036274,0.087405,-0.060265,-0.072485,0.090071,-0.070884,-0.048248
-0.072632,0.039798,-1.0448e-07,-0.087947,0.011575,-0.054791,-0.021185
-0.074988,0.012032,0.0071021,-0.032878,0.091861,-6.3068e-17,-0.10281
-0.08273,7.5524e-47,0.027215,0.046801,0.30698,0.051268,-0.31792
-0.031171,-3.9331e-32,-0.020775,0.10182,0.46996,0.050345,-0.41939
-0.01379,0.056922,-0.05845,0.034132,0.38148,4.7633e-47,-0.42644
-0.077304,0.12736,-0.1232,-0.044217,0.34741,-0.011036,-0.32013
-0.17734,0.18572,-0.060188,-0.21219,0.17177,-0.075051,-0.17559
-0.26038,0.19359,0.00027052,-0.27464,0.12993,-0.097888,-0.094949
-0.2793,0.03577,0.13619,-0.1527,0.16626,-1.1249e-18,-0.22103
-0.17964,0.034701,0.090318,-0.010867,0.30554,0.047993,-0.37121
-0.11651,-0.01203,0.052937,0.25137,0.6608,0.2884,-0.71908
-0.040839,-0.066606,-0.00018512,0.34453,0.8229,0.38188,-0.72957
-0.010944,-0.1799,-0.031119,0.57345,0.86811,0.55984,-0.7863
0.15004,-0.012032,-0.35298,0.40096,0.62295,0.29728,-0.58771
0.20152,0.0036859,-0.41232,0.2429,0.69863,0.21316,-0.56822
0.25326,0.093005,-0.55182,0.1743,0.59803,0.094669,-0.3907
0.26245,0.10455,-0.55235,0.099329,0.43219,0.050191,-0.28157
0.23281,0.09941,-0.3602,0.060514,0.27212,0.039399,-0.14625
0.14985,0.067914,-0.22116,0.062686,0.09199,0.062213,-0.035161
0.14104,0.03552,-0.16341,0.049403,1.7107e-12,0.055291,-4.5914e-47
0.071898,0.01203,-0.088937,0.039436,-0.011575,0.03651,-4.5914e-47
0.043415,7.5524e-47,-0.044363,0.024663,-0.011575,0.025473,0.020373
0.010944,7.5524e-47,-0.010389,1.9909e-33,-0.011575,1.1561e-43,4.5914e-47
6.8704e-47,7.5524e-47,-0.010389,6.8205e-47,-0.011575,4.7633e-47,4.5914e-47
6.8704e-47,7.5524e-47,-0.010389,6.8205e-47,-0.011575,4.7633e-47,4.5914e-47
-6.8704e-47,-7.5524e-47,-0.010389,-6.8205e-47,4.9956e-47,-4.7633e-47,-4.5914e-47
-6.8704e-47,-0.01203,-1.0857e-41,-6.8205e-47,4.9956e-47,-4.7633e-47,-4.5914e-47
0.078136,-3.8193e-06,-0.068082,6.8205e-47,4.9956e-47,-3.5236e-11,-4.5914e-47
0.53383,-0.20106,-0.6405,0.13234,0.054687,0.044049,0.076079
0.54753,-0.36092,-0.8351,0.22279,0.072961,-0.011036,0.079719
0.50694,-0.31451,-0.94052,0.21839,0.038288,-0.066056,0.02906
0.76489,-0.046351,-0.82615,0.23206,0.094364,-0.0331,-0.061538
0.74902,-0.012151,-0.61824,0.21848,0.068831,-0.059006,-0.10317
0.72848,0.34344,-0.42007,0.19585,2.0952e-18,0.0081659,-0.22575
0.80599,0.1575,-0.65471,0.17903,-0.011575,-0.011036,-0.13372
0.80485,0.01203,-0.74826,0.13063,-0.011575,-0.022073,-0.053298
0.69248,0.48804,-0.36358,0.088916,-0.12039,0.11285,-0.14048
0.65817,-0.090139,-0.93046,0.21929,-6.5328e-06,-0.16452,-0.02312
0.51513,-0.23102,-0.96186,0.21545,-0.011575,-0.23135,-0.010638
0.53621,0.58961,-0.42177,0.17858,-0.3459,0.041161,-0.22502
0.739,0.39783,-0.88968,0.29823,-0.20249,-0.011036,-0.15523
0.76333,0.070784,-0.96673,0.20634,-0.05799,-0.011036,-0.051585
0.91166,0.19822,-0.73307,0.23204,-0.13381,0.082403,-0.06942
1,0.3196,-0.88705,0.22073,-0.15913,0.17474,-0.045827
0.90488,0.14103,-0.7622,0.22385,-0.074871,0.061066,-0.016622
0.85045,0.21596,-0.91189,0.19277,-0.092136,0.20383,-0.021267
0.89751,0.18569,-0.81277,0.20379,-0.077616,0.26913,-0.010638
0.80229,0.23602,-0.79719,0.21369,-0.084536,0.27758,-4.5914e-47
0.93345,0.29345,-0.78681,0.2412,-0.10889,0.32501,-4.5914e-47
0.90608,0.49785,-0.62641,0.24418,-0.14657,0.40738,0.016465
0.90676,0.51279,-0.56106,0.28142,-0.12341,0.40842,0.029059
0.50322,0.63875,-0.49821,0.56764,-0.44945,0.14964,-0.14451
0.42028,0.70003,-0.43308,0.67398,-0.52281,0.055291,-0.21685
0.40114,0.64352,-0.37169,0.70679,-0.4419,0.031443,-0.26028
0.48663,0.5292,-0.37257,0.69439,-0.38851,2.9393e-24,-0.25673
0.31346,0.39613,-0.18611,0.50361,-0.27342,-0.082995,-0.18517
0.09652,-0.077634,-0.401,0.086223,-2.1442e-10,-0.64732,-1.0688e-06
0.22242,-0.23069,-0.56246,-0.077052,0.094975,-0.55797,0.13917
0.28978,-0.11959,-0.71406,-0.16532,0.098115,-0.41941,0.27457
0.53645,-1.2444e-32,-0.79432,-0.10684,0.04327,-0.21962,0.37248
0.62293,0.17155,-0.88504,-0.010864,1.1852e-23,-0.21464,0.40918
0.51833,0.2226,-0.90005,0.096588,-0.011574,-0.2757,0.56362
0.35447,0.16539,-0.7147,0.29606,-6.7425e-34,-0.50036,0.40862
0.071498,-0.020811,-0.55993,0.33248,0.094217,-0.65318,0.21585
-0.00061629,-0.11675,-0.36438,0.34104,0.32842,-0.73396,0.13092
0.15767,-0.024055,-0.57264,0.58604,0.26353,-0.71097,0.073658
0.31479,0.011033,-0.59779,0.446,0.25321,-0.44914,0.041673
0.47025,0.092388,-0.67935,0.34046,0.14564,-0.32565,0.030349
0.49629,0.10229,-0.73867,0.30959,0.092779,-0.27198,0.064415
0.59674,0.17334,-0.85432,0.41771,0.17466,-0.13495,-0.010638
0.49077,0.10266,-0.60028,0.50281,0.42703,-0.30268,-0.16465
0.36016,0.12308,-0.55449,0.52998,0.72561,-0.359,-0.48602
0.34548,0.19314,-0.52152,0.83634,0.80599,-0.1777,-0.39479
0.33828,0.17904,-0.5939,0.48743,0.66133,-0.22341,-6.0716e-15
0.25429,0.071709,-0.51727,0.10579,0.45333,-0.47258,0.45124
0.10062,-0.035094,-0.55228,-0.34338,0.11861,-0.80153,0.83787
3.5302e-21,-0.10344,-0.52271,-0.45163,-0.07515,-0.76459,0.7027
0.051499,-0.00021435,-0.55039,-0.467,-0.30697,-0.94846,0.81123
0.21069,0.20466,-0.61818,-0.043518,-0.23388,-0.8499,0.6172
0.16479,0.454,-0.62406,0.64061,0.22196,-0.62094,-0.052396
1.9722e-14,0.44022,-0.33551,0.8071,0.62855,-0.42244,-0.69506
-0.16329,0.32788,-0.10545,0.78134,0.60646,-0.3067,-0.68985
-0.20461,0.29865,0.01925,0.87229,0.8077,-0.23629,-0.77368
-0.23062,0.4281,1.8108e-08,0.93788,0.87943,-0.16016,-0.7943
-0.2211,0.51989,-0.074742,0.80714,0.6633,-0.52905,-0.34324
-0.36599,0.18697,0.039977,0.15129,-0.011458,-0.75961,0.093281
-0.61474,0.15843,0.50898,-0.035941,-0.67618,-0.73307,0.35623
-0.51994,0.20102,0.5799,-3.4766e-13,-0.55934,-0.27221,0.37699
-0.46411,0.26476,0.76324,0.071025,-0.43016,-3.5961e-29,0.02106
-0.55053,0.2292,0.76644,0.20403,-0.094609,0.082385,-0.27306
-0.43423,0.21631,0.98265,0.19285,0.039899,0.055323,-0.5746
-0.51521,0.29084,0.9054,0.21942,0.44227,-0.036399,-0.74045
-0.76043,0.34584,0.70636,-0.010864,-0.011575,-0.54528,-0.075863
-0.77588,0.40848,0.54834,-0.093352,-0.53833,-0.67593,0.39775
-0.59177,0.38017,0.80091,0.057621,-0.068101,-0.131,-0.30266
-0.39532,0.37127,0.79767,0.18123,0.040941,-4.7633e-47,-0.46949
-0.41289,0.50688,0.76373,0.20306,-0.060865,1.6534e-24,-0.30603
-0.16952,0.46076,0.54515,0.21445,-0.80313,-0.022073,0.36181
-0.035787,0.34391,0.39501,0.22268,-0.72075,0.010974,0.46797
-0.18388,0.4172,0.81763,0.31723,0.010923,0.22985,-0.47637
-0.26432,0.29169,0.52221,0.19274,0.47515,0.089923,-0.7961
-0.56185,0.084409,0.58414,-0.28724,0.33661,-0.33572,-0.60839
-0.604,-0.00021435,0.31398,-0.707,-0.32887,-0.60167,0.16864
-0.20059,-0.01203,1.8574e-07,-0.41795,-0.76852,-0.26981,0.8369
-0.074802,-0.024055,-3.3245e-13,-0.22718,-0.89218,-0.035021,0.75677
-0.021888,0.023669,0.37117,-0.073812,-0.56547,0.43227,0.36837
0.020958,0.078894,0.37119,0.25501,0.6043,0.44605,-0.63209
0.01994,0.11455,0.24282,0.27765,0.71075,0.23883,-0.91992
0.14332,-0.01203,-0.088703,0.32494,0.73909,0.084668,-0.66743
0.19166,-0.29671,-0.65582,-0.10236,-0.023147,-0.22577,0.49432
0.02206,-0.35628,-0.43995,-0.3581,-0.51198,-0.20679,0.71731
-0.3215,-0.29352,0.028447,-0.81414,-0.62968,-0.094754,0.69979
-0.77726,-0.28815,0.54447,-0.84496,-3.754e-24,0.085872,-0.18213
-0.50297,-0.35032,0.27479,-0.88674,-0.16478,0.042522,0.21567
-0.4714,-0.23711,0.31658,-0.65416,0.050311,0.028118,-0.092612
-0.31178,-0.18313,0.17675,-0.50207,-0.011575,0.0081496,1.9016e-11
-0.32006,-0.024092,0.30512,-0.23443,0.34383,0.072437,-0.63701
-0.3858,-7.5524e-47,0.42676,-0.17099,0.70657,0.025473,-0.70052
-0.35258,-0.1269,0.11187,-0.47375,0.20218,-0.18106,-0.16645
-0.36174,-0.15479,0.048799,-0.51614,-0.4512,-0.14885,0.4796
-0.48808,0.01203,0.41759,-0.36138,-0.011575,0.011037,-0.15688
-0.37052,-0.074045,0.20448,-0.42071,-0.22125,-0.011036,0.1198
-0.45898,-0.02406,0.39076,-0.34967,0.13416,0.097666,-0.23602
-0.34649,-0.17522,0.14999,-0.37567,-0.22834,-1.1162e-12,0.25272
-0.39743,-0.055153,0.29843,-0.36278,0.056071,0.035066,-0.11347
-0.35411,-0.089993,0.17797,-0.34523,-0.011575,4.7633e-47,-3.4234e-18
-0.29079,-0.080382,0.19162,-0.30863,-0.079074,-2.0434e-38,0.037159
-0.31373,-0.057564,0.22408,-0.33224,-0.13371,0.0080587,0.084547
-0.38221,-0.03065,0.26517,-0.29659,-3.7374e-21,0.044292,-0.021276
-0.41835,-0.05839,0.22486,-0.29182,-0.011575,0.0059333,-0.010638
-0.37071,-0.027768,0.23289,-0.22137,-6.5699e-11,0.043198,-0.070997
-0.28915,-0.04268,0.17677,-0.21257,0.031597,0.021784,-0.092625
-0.23458,-0.038174,0.13527,-0.17,0.0211,0.0034915,-0.050408
-0.23999,-0.03294,0.11052,-0.20241,4.9956e-47,9.5266e-47,-0.01791
-0.337,-0.035095,0.17231,-0.22948,-4.9956e-47,0.0062078,-0.070371
-0.34907,-0.01203,0.22147,-0.29039,0.02949,4.7633e-47,-0.074227
-0.36188,0.044913,0.32277,-0.14117,0.53126,0.082984,-0.52396
-0.19687,-0.035775,0.10576,-0.14735,0.24014,-0.011036,-0.19572
-0.062746,-0.01203,0.077859,-1.0938e-08,0.47021,0.12058,-0.39842
0.010944,0.030796,0.06943,0.20772,0.83174,0.11993,-0.90723
0.020278,0.1466,0.057097,0.28435,0.81599,0.16373,-0.71065
-0.010944,0.25107,0.16399,0.37423,0.76393,0.29918,-0.86965
0.0089961,0.21342,0.1319,0.37857,0.88248,0.27115,-0.75668
0.036201,0.034331,-0.010389,0.26758,0.7266,0.13446,-0.76172
0.084617,0.01203,-0.029599,0.33413,0.79609,0.24803,-0.78384
0.12554,-0.054526,-0.12737,0.26989,0.72799,0.18143,-0.66846
0.16707,-0.20033,-0.24393,0.28736,0.67824,0.16487,-0.56501
0.19483,-0.31371,-0.39491,0.22076,0.70888,0.14952,-0.40887
0.22114,-0.40217,-0.41837,0.19186,0.60162,0.045201,-0.28951
0.19904,-0.35357,-0.47062,0.12053,0.54333,1.6462e-15,-0.42175
0.20766,-0.35072,-0.47131,0.07278,0.4786,-0.011036,-0.33583
6.8704e-47,-0.01203,-0.010389,-6.8205e-47,4.9956e-47,-0.011036,-4.5914e-47
6.8704e-47,-0.01203,-0.010389,-6.8205e-47,4.9956e-47,-0.011036,-4.5914e-47
6.8704e-47,-0.01203,-0.010389,-6.8205e-47,4.9956e-47,-0.011036,-4.5914e-47
6.8704e-47,-0.01203,-0.010389,-6.8205e-47,4.9956e-47,-0.011036,-4.5914e-47
6.8704e-47,-0.01203,-0.010389,-6.8205e-47,4.9956e-47,-0.011036,-4.5914e-47
6.8704e-47,-0.01203,-0.010389,-6.8205e-47,4.9956e-47,-0.011036,-4.5914e-47
6.8704e-47,-0.01203,-0.010389,-6.8205e-47,4.9956e-47,-0.011036,-4.5914e-47
6.8704e-47,-0.01203,-3.3928e-31,0.016816,4.9956e-47,-0.011036,-4.5914e-47
-0.12473,0.0223,0.15412,0.050464,0.02345,-4.7633e-47,-0.010638
-0.34394,0.16865,0.3933,0.16234,0.091843,0.011036,-0.15003
-0.51812,0.34874,0.76034,0.32379,0.217,0.16015,-0.31335
-0.64581,0.42887,0.89773,0.35549,0.16218,0.10163,-0.29557
-0.60708,0.48593,0.83448,0.16402,3.6747e-06,0.059092,-0.27342
-0.78468,0.20841,0.59463,0.13139,-0.073763,-0.18056,-0.21392
0.032199,-0.16304,-0.49131,0.23159,-0.024906,-0.26366,-0.072338
0.29538,-0.2037,-0.73228,0.16654,-0.15368,-0.44741,-0.037736
0.42947,0.25125,-0.97548,0.049321,-0.45716,-0.2879,-0.092891
0.58334,0.15403,-0.81575,0.024769,-0.24999,-0.26426,-1.0674e-05
0.51849,-0.02406,-0.8179,0.050154,-0.11118,-0.26113,-4.5914e-47
0.67827,-3.8802e-20,-0.90421,0.059461,-0.13837,-0.12986,0.0027675
0.60277,0.65457,-0.55889,0.010865,-0.63097,-1.1455e-35,-0.010638
0.24642,0.8972,-0.1368,0.035905,-0.71246,0.036415,-0.12696
0.68173,0.96607,-0.56556,0.28408,-0.60605,0.25737,-0.2201
0.61086,0.24451,-0.77205,0.30062,-0.26052,-0.011036,-0.080331
0.55158,0.22899,-0.83546,0.44377,-0.12522,-0.11781,-0.1198
0.70693,0.13936,-0.77269,0.41475,-0.089914,-0.13533,-0.093473
0.65955,0.12032,-0.89126,0.40034,-0.077977,-0.17678,-0.12309
0.79535,0.17193,-0.9901,0.4415,-0.080406,-0.087765,-0.11193
0.87548,0.22472,-0.88831,0.60986,-0.057568,0.039966,-0.10946
0.9083,0.33175,-0.85838,0.62,-3.6865e-09,0.24219,-0.1359
0.88917,0.34385,-0.67847,0.69316,-0.011575,0.12558,-0.10508
0.91672,0.28396,-0.84408,0.70776,-0.033021,-0.011036,-3.3774e-06
0.93068,0.3271,-0.78556,0.68036,-0.052632,-0.024943,0.20487
0.76865,0.28947,-0.79535,0.65618,-2.0976e-19,-0.11771,0.70535
0.59285,0.22009,-0.5869,0.31006,-1.7734e-44,-0.21918,0.9464
0.37522,0.067911,-0.44963,0.021444,-0.011575,-0.30346,0.78044
0.39006,0.12032,-0.45417,0.023653,-0.049995,-0.2304,1
0.571,0.174,-0.71803,0.22542,-0.05041,-0.23149,0.6995
0.75219,0.36312,-0.88906,0.69408,-0.043922,-0.19958,0.26009
0.86584,0.44729,-0.8995,0.84458,-3.6747e-06,-0.28459,-0.031826
0.5483,0.44674,-0.81251,0.88054,-4.9956e-47,-0.30685,-0.14723
0.47949,0.40551,-0.7165,0.79718,0.043271,-0.30297,-0.13945
0.39979,0.39233,-0.83981,0.77209,0.038745,-0.43225,0.035664
0.39721,0.42786,-0.68334,0.73658,4.9956e-47,-0.42664,0.19891
0.39012,0.43892,-0.84077,0.52981,0.011574,-0.41572,0.20424
0.32748,0.20198,-0.67077,0.20547,-0.011575,-0.49762,0.33478
0.33738,0.14587,-0.64091,-0.082131,-0.061978,-0.48547,0.44238
0.37679,0.19585,-0.82644,-0.13152,-0.079611,-0.41042,0.51397
0.37424,0.32632,-0.8374,-0.00019467,-6.7349e-33,-0.38107,0.47427
0.3296,0.3559,-0.69349,0.18288,0.12221,-0.38563,0.2212
0.28083,0.23092,-0.58641,0.43161,0.39218,-0.61723,-0.010638
0.09514,0.14553,-0.34857,0.63022,0.65038,-0.83301,-0.33515
-0.021887,0.060039,-0.18278,0.5695,0.80929,-0.89923,-0.60054
-0.031465,0.070717,-0.24977,0.3572,0.4864,-0.84622,-0.40619
-0.010944,0.035776,-0.40991,0.14365,0.37861,-0.78047,-0.22222
0.14325,0.15351,-0.59506,0.16831,0.35559,-0.5189,-0.10553
0.11712,0.24379,-0.33812,0.14766,0.17361,-0.23811,-1.9041e-08
0.01694,0.22914,-0.096638,0.13779,0.093155,-0.14036,-0.010638
-0.17732,0.17494,0.20508,0.26293,0.45578,-0.21395,-0.44077
-0.38696,0.14238,0.67345,0.28341,0.57863,-0.28556,-0.78607
-0.76575,0.032941,0.82063,0.1447,0.51405,-0.45431,-0.84277
-0.82448,0.01203,0.93361,-0.010253,0.19137,-0.51662,-0.37148
-0.63318,0.043501,0.83474,-0.13469,-0.2176,-0.5329,0.18468
-0.67432,0.18598,0.86227,-0.010865,-0.37039,-0.18798,0.41727
-0.49934,0.27406,0.80727,0.12671,-0.021467,0.018581,-0.037594
-0.38371,0.29925,0.97536,0.32839,0.19474,0.15451,-0.56281
-0.23519,0.18044,0.3755,0.18806,0.071712,-0.011036,-0.11238
-0.28619,0.13466,0.39398,0.083228,0.15077,-0.076616,-0.12175
-0.23035,0.10289,0.41951,-0.082447,-0.13798,-0.20144,0.26343
-0.45172,0.12906,0.82312,-0.061161,0.075945,-0.053908,-0.29819
-0.37114,0.042681,0.60756,-0.21664,-0.011575,-0.13469,-0.15473
-0.32525,0.14028,0.64613,-0.19512,-6.5561e-09,-0.072658,-0.2735
-0.37415,0.2419,0.83103,-3.4609e-09,0.3832,-2.8965e-11,-0.73548
-0.33949,0.28113,0.62166,0.13037,0.51232,0.084955,-0.83741
-0.20666,0.2633,0.55338,0.29438,0.49283,0.16921,-0.87332
-0.19112,0.32678,0.5687,0.28753,0.44671,0.16327,-0.90064
-0.20079,0.40691,0.49652,0.34688,0.52702,0.087472,-0.8442
-0.22188,0.41249,0.3908,0.15618,0.62199,-0.099109,-0.83362
-0.2128,0.1701,-0.10544,-0.29072,0.41333,-0.66773,-0.17927
-1.1056e-11,-0.18945,-0.76579,-0.66057,-0.011575,-1,0.60009
0.075275,-0.36736,-0.92332,-0.66259,-0.083531,-0.68927,0.63087
0.11447,-0.43537,-0.9948,-0.48089,-2.0952e-18,-0.42394,0.46151
0.17613,-0.398,-0.77453,-0.35979,0.086541,-0.50629,0.29374
0.17867,-0.433,-0.89962,-0.48998,0.24476,-0.57844,0.23077
-0.021886,-0.57954,-0.59763,-0.86113,0.17911,-0.42892,0.14558
0.23251,-0.38805,-0.92058,-0.50177,0.18317,-0.43269,0.31198
0.32147,-0.49754,-0.90114,-0.49443,0.069339,-0.49029,0.36021
-0.17922,-0.20977,0.12054,-0.2919,-0.62757,0.010838,0.5407
-0.23487,-0.050184,0.25856,-0.20122,-0.74588,-0.021785,0.47852
0.2398,-0.18187,-0.62916,-0.22163,0.099382,-0.2683,0.16709
0.36116,-0.23216,-0.89601,-0.23604,0.013869,-0.43837,0.33919
0.15004,-0.28028,-0.51586,-0.4075,-0.16017,-0.46982,0.41413
0.36232,-0.22548,-0.8351,-0.37472,0.47414,-0.46828,-0.052677
0.53829,-0.23382,-0.93822,-0.34497,0.52539,-0.45255,-0.18783
0.50246,-0.20425,-0.93578,-0.39681,0.60477,-0.37477,-0.30747
0.46891,-0.25477,-0.84804,-0.43097,0.6059,-0.55393,-0.32365
0.43335,-0.26564,-0.85636,-0.47833,0.62954,-0.61159,-0.26036
0.45805,-0.20405,-0.99135,-0.61179,0.59113,-0.45842,-0.30903
0.51601,-0.26927,-0.80803,-0.71775,0.35606,-0.58158,-0.13519
0.49823,-0.16306,-0.88606,-0.63318,0.42504,-0.771,-0.12433
0.54142,-3.8193e-06,-0.9509,-0.56533,0.26105,-0.6004,-0.027232
0.49228,0.022289,-0.80015,-0.40656,0.20463,-0.59871,-1.0845e-20
0.50979,0.067258,-0.81537,-0.20295,0.024365,-0.38317,0.20464
0.32023,0.037917,-0.52435,-0.18762,-0.011575,-0.20661,0.15129
0.20697,2.1303e-27,-0.37679,-0.20047,-0.011575,-0.15858,0.064845
0.093424,-0.02406,-0.24252,-0.23382,0.054466,-0.20318,-0.010638
0.040472,-0.082625,-0.15782,-0.38225,0.051719,-0.21136,-0.058957
0.12089,-0.13063,-0.17433,-0.46419,0.27025,-0.21228,-0.23198
0.13339,-0.1291,-0.13081,-0.53335,0.31355,-0.18382,-0.27151
0.061647,-0.11941,-0.065698,-0.35266,0.15702,-0.13449,-0.16308
1.0705e-11,-0.10126,-0.050418,-0.25692,0.069001,-0.078309,-0.10595
-0.010944,-0.042675,-0.034439,-0.14139,0.017597,-0.071707,-0.051627
-6.8704e-47,-0.039797,-0.015975,-0.092564,0.0035668,-0.045882,-0.031826
-6.8704e-47,-0.024064,-0.018074,-0.03641,4.9956e-47,-0.011036,-0.018509
-6.8704e-47,-0.01203,-0.010389,-0.010864,4.9956e-47,-0.011036,-0.010638
-6.8704e-47,-0.01203,-0.010389,-0.010864,4.9956e-47,-0.011036,-0.010638
0.010924,-0.01203,-0.010389,-0.010864,0.022781,-0.011036,-0.010638
0.070642,-0.01203,-0.041285,-0.060105,0.19355,-0.024028,-0.11072
0.10397,-7.5524e-47,-0.020777,-0.092098,0.31377,-0.021982,-0.16655
0.22157,3.8182e-10,-0.031168,-0.12488,0.59461,-0.022073,-0.28241
0.095272,7.5524e-47,0.010389,-0.082725,0.32536,-0.011036,-0.19034
0.0058836,-0.01203,0.051497,-0.050888,0.15156,-6.3425e-22,-0.13535
-0.010944,-0.01203,0.038788,-0.012798,0.050405,-4.7633e-47,-0.054397
-0.010944,-0.01203,6.0308e-35,-0.010864,2.0928e-22,-4.7633e-47,-0.010638
-0.010944,-1.2112e-08,6.5222e-47,-0.010864,4.9956e-47,-4.7633e-47,-0.010638
-2.0035e-28,-7.5524e-47,6.5222e-47,-0.010864,4.9956e-47,-4.7633e-47,-0.010638
-6.8704e-47,-7.5524e-47,6.5222e-47,-0.010864,4.9956e-47,-0.011036,-0.010638
-6.8704e-47,-7.5524e-47,6.5222e-47,-0.010864,4.9956e-47,-0.011036,-0.010638
-6.8704e-47,-7.5524e-47,6.5222e-47,-0.010864,-4.9956e-47,-0.011036,-0.010638
-6.8704e-47,-0.01203,-0.010389,-6.8205e-47,-4.9956e-47,4.7633e-47,-4.5914e-47
-6.8704e-47,-0.01203,-0.010389,-6.8205e-47,-4.9956e-47,4.7633e-47,-4.5914e-47
-6.8704e-47,-0.01203,-0.010389,-6.8205e-47,-4.9956e-47,4.7633e-47,-4.5914e-47
-6.8704e-47,-0.01203,-0.010389,-6.8205e-47,-4.9956e-47,4.7633e-47,-4.5914e-47
-6.8704e-47,-0.01203,-0.010389,-6.8205e-47,-4.9956e-47,4.7633e-47,-4.5914e-47
-0.010942,-0.01203,-0.010389,-6.8205e-47,-4.9956e-47,4.7633e-47,-4.5914e-47
-1.1474e-44,-0.01203,-0.010389,-6.8205e-47,-4.9956e-47,4.7633e-47,-4.5914e-47
-0.010944,-0.01203,-0.010389,-6.8205e-47,-4.9956e-47,4.7633e-47,-4.5914e-47
-0.010944,-0.01203,-0.010389,-6.8205e-47,-4.9956e-47,4.7633e-47,-4.5914e-47
-0.010944,-0.01203,-0.010389,-6.8205e-47,-4.9956e-47,4.7633e-47,-4.5914e-47
-1.1474e-44,-7.5524e-47,-0.010389,-1.1e-13,-4.9956e-47,4.7633e-47,-4.5914e-47
-6.8704e-47,-0.01203,-0.010389,-6.8205e-47,-4.9956e-47,4.7633e-47,-4.5914e-47
0.014296,-0.063801,-0.010389,0.030375,-0.011575,0.010687,-0.010638
0.081809,-0.21812,-0.046527,0.15403,-0.12178,0.091293,-0.02126
0.04242,-0.30641,-0.096237,0.34147,-0.21214,0.05293,-0.1687
0.027138,-0.29213,-0.16326,0.41465,-0.32048,0.03915,-0.22539
0.053817,-0.39385,-0.1765,0.57027,-0.34567,0.028118,-0.32963
0.076325,-0.37796,-0.19865,0.51776,-0.42323,0.052809,-0.36604
0.11679,-0.42482,-0.18003,0.69148,-0.50227,0.019221,-0.27682
0.14698,-0.41944,-0.21828,0.56088,-0.41745,3.5995e-30,-0.3378
0.20603,-0.5273,-0.24229,0.63579,-0.31993,4.7633e-47,-0.30573
0.23971,-0.52192,-0.23637,0.71799,-0.36639,4.7633e-47,-0.2611
0.21429,-0.56761,-0.24938,0.66721,-0.39123,4.7633e-47,-0.20534
0.20509,-0.5476,-0.24938,0.48468,-0.38122,4.7633e-47,-0.10095
0.16522,-0.51163,-0.26056,0.31723,-0.30102,-0.011036,-0.010638
0.072233,-0.44775,-0.21287,0.079021,-0.22835,-0.011036,0.08247
0.042503,-0.43946,-0.17434,-0.010864,-0.20563,-0.019095,0.21542
0.016799,-0.4215,-0.20265,-0.082447,-0.20898,-0.011036,0.26593
0.010944,-0.51844,-0.23386,-0.092096,-0.26444,-0.011036,0.24945
-0.010944,-0.45133,-0.15786,-0.054036,-0.25796,-0.12868,0.21102
-6.2965e-23,-0.36356,-0.11621,0.027806,-0.24001,-0.18353,0.098228
0.25673,-0.048634,-0.66099,0.11444,0.0061923,-0.60093,0.16595
0.45523,0.068952,-0.71534,0.11363,0.09941,-0.85624,0.13494
0.29287,0.22211,-0.62746,0.023309,0.11543,-0.78318,0.082654
0.32232,0.12053,-0.58068,0.027106,0.03426,-0.62296,0.091444
0.27692,-0.01203,-0.40333,0.16621,-0.011575,-0.28912,0.010482
0.1447,-0.12278,-0.12232,0.22854,-0.023149,-0.064883,-0.010638
0.038082,-0.1413,-0.019259,0.093005,-0.092241,-0.076661,-0.010638
0.021365,-0.14165,-0.010389,0.11873,-0.056533,-0.04282,-0.010638
0.035602,-0.2127,-0.090721,0.15844,-0.10728,-0.039013,-1.9807e-43
0.0058551,-0.34604,-0.15887,0.29236,-0.19674,-0.11336,-1.0854e-20
0.010928,-0.40921,-0.23579,0.34163,-0.19441,-0.15138,-6.0109e-07
0.038082,-0.43363,-0.21559,0.33481,-0.23746,-0.14127,-0.0018933
0.075143,-0.42106,-0.19922,0.44561,-0.10266,-0.13954,-0.070734
0.067788,-0.29443,-0.12335,0.59636,-1.1948e-31,-0.22452,-0.2517
0.02526,-0.2131,-0.016233,0.56837,0.17403,-0.34012,-0.29733
-6.2048e-10,-0.10505,-0.010389,0.6353,0.32683,-0.48033,-0.41291
0.010943,-0.10297,-0.020626,0.76061,0.39867,-0.50998,-0.40863
0.073252,-0.12752,-0.13423,0.71265,0.30533,-0.26246,-0.4321
0.077137,-0.14297,-0.046725,0.64913,0.52361,-0.28104,-0.49238
0.066709,-0.14964,-0.020626,0.97022,0.72336,-0.23973,-0.49811
0.03118,-0.11453,-0.062064,0.57268,0.383,-0.21551,-0.10823
-0.010944,-0.090096,-0.098231,0.27675,0.33525,-0.23105,0.34168
-0.084331,-0.059836,-0.091106,-0.086326,0.11283,-0.36432,0.83931
-0.086213,-0.047806,-0.09071,-0.19107,-0.011575,-0.23616,0.8314
-0.18923,-0.01203,-0.026342,-0.25011,0.046415,-0.41915,0.79599
-0.22687,-0.01203,-6.5222e-47,-0.061123,0.36182,-0.45754,0.48912
-0.13795,-0.13458,0.0048047,0.46676,0.76648,-0.47212,-0.034662
-0.17023,-0.14244,0.04587,0.6005,0.81576,-0.54028,-0.49362
-0.2412,-0.15857,0.038839,0.53795,0.71956,-0.72678,-0.77941
-0.36678,-0.14005,0.033782,0.27349,0.88969,-0.72611,-0.78027
-0.42033,-0.11724,0.070776,0.21126,0.87944,-0.9046,-0.80819
-0.36418,-0.068586,1.8698e-17,-0.024555,0.59251,-0.80814,-0.29335
-0.42029,-0.24356,0.11185,0.024465,0.61538,-0.70292,-0.25842
-0.56862,-0.39248,0.56343,0.065131,0.65179,-0.85105,-0.68282
-0.57065,-0.52835,0.56298,0.24264,0.7966,-0.32292,-0.81517
-0.43737,-0.41758,0.5533,0.32021,0.64044,-0.29056,-0.87243
-0.39754,-0.4813,0.46931,0.25506,0.71503,-0.32274,-0.78819
-0.39884,-0.48182,0.37219,0.097815,0.90057,-0.72411,-0.59945
-0.46828,-0.51822,0.49987,-0.010864,0.82246,-0.64509,-0.72676
-0.34575,-0.41021,0.36071,-0.1966,0.56582,-0.63305,-0.52557
-0.12899,-0.19003,-0.020774,-0.27672,0.469,-0.63544,-0.21493
-2.0126e-32,-0.057695,-0.14022,-0.18773,0.49925,-0.51669,-0.29199
0.042165,-0.01203,-0.19484,-0.11952,0.48368,-0.29093,-0.38007
-0.086685,-0.40227,0.26339,0.010864,0.50745,-0.18267,-0.77927
-0.17509,-0.52488,0.6939,0.24408,0.16314,-0.013001,-0.76001
-0.17118,-0.7301,0.77502,0.29265,0.026385,0.053845,-0.70079
-0.17235,-0.66237,0.85007,0.31467,4.9956e-47,0.07073,-0.62212
-0.10135,-0.79495,0.97373,0.45947,0.045759,0.054596,-0.67313
-0.049224,-0.8066,0.92779,0.38042,0.011575,-0.022072,-0.74234
0.060934,-0.83815,0.70543,0.36955,0.11865,-0.40471,-0.63463
0.22111,-0.47049,0.096895,0.22518,0.36871,-0.86674,-0.50372
0.28699,0.089926,-0.66133,-0.025057,0.090372,-0.68111,0.33652
0.26037,0.25267,-0.85137,-0.15463,0.25159,-0.46918,0.34532
0.20902,0.32987,-0.75007,-0.22551,0.30293,-0.3517,0.26071
0.19434,0.41036,-0.89069,-0.29597,0.38453,-0.31926,0.30157
0.20117,0.55564,-1,-0.36855,0.5691,-0.41628,0.21624
0.26835,0.47824,-0.91449,-0.45401,0.46178,-0.61713,0.25172
0.26466,0.27896,-0.69493,-0.48778,0.15332,-0.85582,0.34987
0.13049,-0.01203,-0.34349,-0.28097,-0.31421,-0.71191,0.52677
0.1724,0.10252,-0.57884,-0.23034,-0.023161,-0.46985,0.53738
0.25888,0.20215,-0.53133,-0.13585,-0.040997,-0.32891,0.49831
0.21587,0.05915,-0.48599,-0.10012,-0.31345,-0.34553,0.52687
0.23743,0.028333,-0.66092,-0.039378,-0.20511,-0.29134,0.47641
0.23403,-0.01203,-0.63642,-1.9578e-14,-0.3834,-0.41432,0.58382
0.37803,-0.1467,-0.70067,0.17824,-6.5477e-07,-0.59989,0.36247
0.60859,-0.23332,-0.67847,0.32396,0.39773,-0.41229,0.14942
0.59279,-0.18875,-0.70366,0.46476,0.22321,-0.16695,0.29508
0.39978,-0.12963,-0.63924,0.38295,0.1373,-0.090168,0.34909
0.37777,-0.051845,-0.6895,0.27012,0.16964,-0.062976,0.42452
0.19543,-0.059594,-0.34588,0.13242,0.053445,-0.048234,0.15371
0.010854,0.024004,-0.12671,-0.14984,0.011575,-0.16172,0.038485
-0.1159,0.23977,-0.053091,-0.63168,0.099379,-0.087563,-0.010638
-0.12887,0.44716,-0.019257,-0.62202,0.32184,0.22874,-0.22006
-0.060628,0.61592,-1.8616e-09,-0.59119,0.46684,0.60875,-0.30689
-0.08711,0.32958,0.027799,-0.34258,0.30976,0.37143,-0.25677
-0.14947,0.14132,0.11878,-0.22127,-0.011575,0.084009,-0.05101
-0.18271,0.10244,0.096324,-0.20074,-0.38,-0.010974,0.18473
-0.24115,0.171,1.9084e-31,-0.46731,-0.24697,-0.10418,0.16559
-0.26699,0.24193,0.010389,-0.62791,-0.2296,-0.24991,0.087085
-0.22678,0.24332,0.012189,-0.57847,-0.095113,-0.22291,3.2889e-06
-0.17941,0.15769,0.033008,-0.36695,-0.043271,-0.19794,-0.010638
-0.11445,0.11455,0.04128,-0.31305,-0.032976,-0.13227,-3.3888e-09
-0.1046,0.067729,0.021814,-0.22014,-0.011575,-0.081361,-0.010638
-0.086978,0.051976,0.023977,-0.15657,-0.023149,-0.083887,-0.010638
-0.066475,0.055535,0.015947,-0.14351,-0.011575,-0.011146,-0.010638
-0.18292,0.12289,0.051058,-0.1705,-0.22661,6.1555e-24,0.027231
-0.11172,0.25604,-0.010389,-0.29659,-0.011575,0.13533,0.010638
-0.12886,0.24523,2.6089e-46,-0.34678,-1.1934e-30,0.1274,-0.010638
-0.1445,0.21085,0.051394,-0.36501,0.057568,-0.011033,-0.029637
-0.15693,0.16678,0.071847,-0.36904,6.5621e-10,-0.044964,-0.051078
-0.22238,0.16217,0.075224,-0.41049,-0.068947,-0.10752,-6.011e-07
-0.22782,0.17521,0.047148,-0.39112,-0.067744,-0.066991,-4.5914e-47
-0.13633,0.10553,0.056275,-0.31701,-0.047138,-0.074312,-0.010638
-0.13446,0.078678,0.030889,-0.25939,-0.011575,-0.060354,-0.027103
-0.085741,0.049264,0.029599,-0.19172,-0.011575,-0.04944,-0.036541
-0.065437,0.039936,0.011249,-0.12606,-0.011575,-0.04935,-0.031757
-0.028043,0.020914,0.010389,-0.085117,-0.011575,-0.023149,-0.016466
-0.021381,0.0088836,5.9412e-41,-0.010864,-0.011575,-0.011036,-0.010638
-0.032538,0.04756,-0.010389,-0.068989,-3.8466e-45,-6.4873e-42,-0.010638
-0.085317,0.16618,0.00048093,-0.15952,0.011558,0.019186,-0.042396
-0.072407,0.29991,6.5222e-47,-0.19353,0.19677,0.31745,-0.071255
-0.11031,0.18691,0.072732,-0.21473,0.086428,0.15493,-0.076059
-0.099659,0.065891,0.072478,-0.16328,0.01161,0.008166,-0.059159
-0.14741,-0.02406,0.056929,-0.14603,-0.059825,-0.18484,-0.021273
-0.093263,-0.034321,0.010389,-0.12133,-0.12422,-0.21071,-3.3716e-33
-0.038687,-0.01203,-0.010389,-0.066188,-0.061583,-0.10101,-4.5914e-47
-0.010944,-0.01203,-0.010389,-0.051403,-1.1653e-08,-0.083026,-0.010638
0.047057,-7.5524e-47,-0.049825,-0.084051,0.24179,-0.17098,-0.094575
0.10802,-0.01203,-0.02398,-0.094116,0.48126,-0.21911,-0.28227
0.084331,-0.01203,-6.5222e-47,-0.087646,0.31278,-0.11704,-0.25473
0.072428,-7.5524e-47,0.01921,-0.074735,0.28068,-0.14255,-0.23193
0.037181,-7.5524e-47,0.027265,-0.041817,0.25917,-1.1212e-16,-0.2098
-0.010944,0.01203,0.052084,-0.021444,0.14102,-4.7633e-47,-0.13759
-0.010944,0.020832,0.044769,-1.9778e-23,0.10356,0.055018,-0.090073
-0.010944,0.042526,0.02845,-6.8205e-47,0.082119,0.10925,-0.059746
-1.1346e-34,0.069775,0.010389,-6.8205e-47,0.098851,0.13888,-0.063539
-6.8704e-47,0.094001,0.023978,0.0092155,0.12223,0.16096,-0.081023
-1.1282e-29,0.064321,0.020282,0.010572,0.18832,0.18863,-0.093343
