0.0011499,-0.0011031,-0.0011911,0.020035,-0.0019567,-0.021797
0.0011597,-0.0011137,-0.001172,0.019787,-0.0021479,-0.021459
0.001153,-0.0011086,-0.0011061,0.01881,-0.0024368,-0.020267
0.0010416,-0.00090426,-0.0009441,0.022231,-0.0044334,-0.025057
0.0010298,-0.00093501,-0.00090911,0.021526,-0.0048015,-0.02421
0.00096532,-0.00091458,-0.00082724,0.019713,-0.0048675,-0.02212
0.00099035,-0.00097744,-0.00082043,0.019701,-0.0053479,-0.022054
0.00096048,-0.00052201,-0.00060965,0.019166,-0.006049,-0.02197
0.00098513,-0.00058635,-0.00060007,0.019171,-0.0067112,-0.021949
0.00096875,-0.00062997,-0.00056086,0.018305,-0.0070939,-0.020928
0.00080615,-0.00024782,-0.00055182,0.016121,-0.0069844,-0.020658
0.00012812,-7.3435e-05,-0.004331,0.004879,-0.001908,-0.0010266
0.00042986,9.0465e-05,-0.0044015,0.0060815,-0.0015313,-0.0011089
0.00080366,0.00029263,-0.0045363,0.0079252,-0.0016623,-0.0010992
0.0010832,0.00044199,-0.0043593,0.0084918,-0.0016925,-0.0018654
0.0012707,0.00033685,-0.0046564,0.0094323,-0.0042349,-0.0028268
0.0014088,0.00048513,-0.0047026,0.0098353,-0.0039869,-0.0030225
0.0016875,0.00026588,-0.0042867,0.0076375,-0.0058844,-0.0063632
0.0021405,-2.5132e-05,-0.0043686,0.0071702,-0.0057478,-0.0070114
0.0027025,-0.00049772,-0.0043121,0.0060582,-0.0053488,-0.0077029
0.0028495,-0.0005167,-0.003919,0.0056707,-0.0064176,-0.0070473
0.0031893,-0.00071449,-0.0034002,0.0052904,-0.0079014,-0.0066955
0.0035765,-0.00070946,-0.003734,0.0045459,-0.0082986,-0.0074955
0.0043502,-0.00075561,-0.0043231,0.0038739,-0.0089981,-0.0095317
0.0041462,-0.00089851,-0.0041556,0.0037585,-0.0089446,-0.0075251
0.0042118,-0.0012069,-0.0038622,0.0043635,-0.0084831,-0.0063453
0.0038491,-0.0011101,-0.0034925,0.0029602,-0.0070903,-0.0041451
0.003638,-0.00098048,-0.0028319,0.0017008,-0.0044918,-0.0024658
0.0032364,-0.00088841,-0.0026372,0.0015325,-0.0044732,-0.00047323
0.0034565,-0.00064654,-0.0014149,0.0053208,-0.01336,0.0086784
0.0032919,-0.0012298,-0.0012804,0.0062661,-0.014572,0.0089204
0.0032002,-0.0019496,-0.0012976,0.0085793,-0.017963,0.008709
0.0030348,-0.0021617,-0.001145,0.0097289,-0.015619,0.0068837
0.0030566,-0.002734,-0.0013506,0.017013,-0.0078527,0.0010283
0.0030555,-0.0015721,-0.0035347,0.015333,-0.011873,-0.0023034
0.0027518,-0.0013133,-0.0034824,0.016284,-0.01031,-0.003736
0.0025609,-0.00122,-0.0037199,0.019586,-0.0082696,-0.0072122
0.0023551,-0.0011135,-0.0034206,0.018132,-0.0067735,-0.0078441
0.0021373,-0.00071782,-0.0030466,0.00081113,-0.0053865,0.0017619
0.0023048,-0.00048589,-0.0030784,0.0029138,-0.0052576,0.0015988
0.0029399,-9.1707e-05,-0.0035864,0.0074182,-0.0056693,0.0010413
0.0027811,3.6598e-05,-0.0038712,0.0080742,-0.0054201,0.00087757
0.0026277,0.00021487,-0.004821,0.0099101,-0.005088,5.4671e-05
0.0023097,3.7305e-05,-0.0043271,0.012506,-0.0037965,-0.00011399
0.0020648,-0.00024838,-0.0038694,0.016253,-0.0022449,-0.0005416
0.0018446,-0.00023108,-0.0033497,0.011126,-0.0015821,-0.00092903
-2.432e-06,-7.8965e-05,-0.0042896,0.0023174,-8.2925e-05,-0.00077406
0.00018768,-9.9352e-05,-0.0042303,0.002092,0.00033805,-0.00073194
0.00061475,-0.00016843,-0.0045879,0.0018871,0.0012051,-0.00080993
0.00045748,-0.00033923,-0.0043466,0.0012787,0.0010856,-0.00024574
0.00019773,-0.00081642,-0.0040244,-0.0001396,0.00095687,0.0009365
0.00018829,-0.00067117,-0.0031959,-4.9242e-05,0.00084921,0.00088742
-0.000265,0.00036709,0.0033221,-7.1758e-06,-0.0013671,-0.00091755
-0.0003951,0.00020692,0.0040396,0.00016344,-0.0016679,-0.0005524
-0.00062513,-3.2291e-05,0.0054327,0.00042327,-0.0022634,-9.6855e-06
-0.00059617,0.00010324,0.0050069,0.00062839,-0.0020966,-0.00024084
-0.00053043,0.00027897,0.0046777,0.0010376,-0.0019761,-0.00065568
-0.00041049,0.00028695,0.0046657,0.00097477,-0.0014148,-0.00068407
-0.00012871,0.00022142,0.0039154,0.00072751,-0.00035647,-0.00064437
-0.000144,-0.00023147,0.0034501,-0.00021198,-0.00011285,9.1582e-05
-0.00019466,-0.00022975,0.0037672,-0.00020616,-0.00019526,8.2278e-05
-0.00012757,-0.00043906,0.0049632,-4.7118e-05,0.001703,0.00024985
-0.00014974,-0.00048418,0.0054346,1.3331e-05,0.0021908,0.00032848
-0.00017888,-0.00050827,0.0059991,-0.00083223,0.0032879,-0.00061564
-0.00023868,-0.00049628,0.0062742,-0.00085304,0.0034539,-0.00065115
-0.00013576,-0.00022476,0.00302,-0.00038561,0.0016494,-0.00029479
-5.8694e-05,-0.00044171,0.0065108,-0.0014836,0.0061769,-0.0033351
-9.6475e-05,-0.00041119,0.006675,-0.001408,0.0065093,-0.0035586
-7.1285e-05,-0.00019169,0.0033764,-0.00064576,0.0032825,-0.001773
0.00034389,-0.0012574,0.006242,-0.0004196,0.00972,-0.0029873
0.000335,-0.0013282,0.0063901,-0.00021126,0.010199,-0.0029257
0.00014782,-0.00066328,0.0032544,-4.2247e-05,0.005177,-0.0014453
0.0002054,-0.0016596,0.005419,0.0010208,0.0089332,-0.0026488
0.00016238,-0.0017101,0.0055181,0.0012494,0.0091014,-0.0026342
3.0942e-05,-0.0021548,0.0047581,-6.3932e-05,0.0075555,-0.0012322
-1.4767e-05,-0.0022524,0.0048542,-0.0001246,0.0076651,-0.0010937
3.4307e-05,-0.0026196,0.0041524,-0.00096592,0.0061813,0.0034904
1.4478e-05,-0.0027402,0.004217,-0.0011297,0.0061772,0.0042243
-0.00021562,-0.0031205,0.0038798,-0.0013054,0.0064574,0.006601
-0.00028807,-0.0032955,0.0040042,-0.0014321,0.0067238,0.0072891
0.00044998,-0.0046641,0.0043201,-0.0024502,0.011088,0.014539
0.00059642,-0.00518,0.0046747,-0.0029424,0.012509,0.016961
0.00039751,-0.0054697,0.0045802,-0.0021252,0.010508,0.019965
0.00035257,-0.0055735,0.0047763,-0.0022317,0.010507,0.020675
-3.1982e-05,-0.0050665,0.0043404,-0.0041764,0.0089421,0.022769
-7.1117e-05,-0.0051316,0.0045662,-0.0044654,0.0091225,0.023613
-0.00045831,-0.004056,0.0043349,-0.0044446,0.0058594,0.017248
-0.00051289,-0.0041208,0.0045559,-0.0046738,0.0058876,0.017613
-0.00033727,-0.0032641,0.0040906,-0.0029634,0.0039432,0.0097607
-0.00037583,-0.0033308,0.004241,-0.0030805,0.0039309,0.0097342
4.7376e-05,-0.003376,0.004317,-0.0031546,0.0065739,0.0043978
2.8188e-05,-0.0034441,0.0044221,-0.0032946,0.0069458,0.0039777
0.00012199,-0.0035513,0.0041869,-0.0026768,0.0065042,0.0060511
9.1275e-05,-0.003661,0.0042947,-0.0027447,0.0065827,0.0065638
-0.00034781,-0.0035329,0.0038135,-0.0024625,0.0045684,0.01136
-0.00045832,-0.0035964,0.0038624,-0.0025164,0.0042571,0.01269
0.00027484,-0.0039284,0.0041636,-0.0046257,0.0071853,0.01977
0.00045655,-0.0041083,0.0045027,-0.0052866,0.0081924,0.022192
-8.251e-05,-0.0036928,0.0039698,-0.0070276,0.0059105,0.022616
-9.487e-05,-0.0037448,0.0042264,-0.0073126,0.0061678,0.023557
-0.00042186,-0.0029585,0.004167,-0.007215,0.0058584,0.018383
-0.00044637,-0.0029033,0.0043116,-0.0073344,0.0059995,0.018412
-0.00022389,-0.0024054,0.0045533,-0.0042037,0.0056887,0.014423
-0.00022122,-0.0023999,0.0047227,-0.0042209,0.0058241,0.014678
-0.00063562,-0.0017474,0.004332,-0.0044358,0.0023802,0.011172
-0.0006957,-0.0017602,0.0045057,-0.0046808,0.00226,0.011478
-0.00055145,-0.0018153,0.004587,-0.003677,0.002607,0.011402
-0.00055928,-0.0018317,0.0046979,-0.0036928,0.0026647,0.011645
-0.00052379,-0.0022851,0.0048925,-0.0024941,0.0043599,0.011916
-0.00055448,-0.0023974,0.0050785,-0.002425,0.0047095,0.01234
-0.00074233,-0.0029076,0.0050264,-0.0029123,0.0045206,0.012439
-0.00083869,-0.0030869,0.0052087,-0.0031815,0.0045569,0.012943
-0.00018757,-0.0034606,0.0054242,-0.0051367,0.0071673,0.019758
-0.00017966,-0.0034942,0.0056867,-0.0053899,0.007464,0.020689
-0.00053619,-0.0034724,0.0048465,-0.0045662,0.0047823,0.018962
-0.00056839,-0.0035321,0.0050853,-0.0047109,0.0049016,0.019691
-0.0012344,-0.003422,0.0037394,-0.003577,0.0054799,0.01063
-0.0013568,-0.0034674,0.0037331,-0.0036541,0.0055335,0.010255
-0.00036659,-0.0034696,0.0043467,-0.0040711,0.009187,0.012982
-0.00038336,-0.003506,0.0045121,-0.0043326,0.0094113,0.013557
-0.00071351,-0.0038078,0.0036268,-0.0056291,0.0061518,0.014343
-0.00078902,-0.0038732,0.0036597,-0.0058832,0.0059203,0.014763
-0.0007795,-0.0043083,0.0034165,-0.0064443,0.0048144,0.014743
-0.00084668,-0.0044705,0.0035124,-0.0067469,0.0047037,0.015247
-0.00026333,-0.0050293,0.0028288,-0.0060161,0.0063418,0.016428
-0.00023375,-0.0052702,0.0028579,-0.0061825,0.006729,0.017329
-0.00038213,-0.0050064,0.0015784,-0.0049739,0.0038685,0.014797
-0.00045033,-0.0051505,0.0014125,-0.0049129,0.003475,0.01496
-0.00053947,-0.0047457,0.0011795,-0.0037701,0.0013198,0.012103
-0.0006061,-0.0049123,0.0012213,-0.0038698,0.0012455,0.012524
-0.0011349,-0.0048995,0.0016787,-0.0027624,0.002186,0.0080644
-0.0012949,-0.0050337,0.0017294,-0.0029374,0.0021243,0.00814
-0.0023855,-0.0051622,0.00073084,0.004699,0.0021391,0.0037698
-0.0026555,-0.00536,0.00069336,0.0051701,0.0021436,0.0037487
-0.0017095,-0.0052729,0.0021713,-0.0021495,0.0035394,0.0067048
-0.0018615,-0.005475,0.0022902,-0.0025865,0.003572,0.0072382
-0.0013997,-0.0047664,0.0014647,-0.0019293,0.0022111,0.0070777
-0.0014415,-0.004786,0.0014162,-0.0019339,0.0020247,0.0072998
-0.0011033,-0.0053122,0.0014134,-0.0021452,0.0015664,0.0073718
-0.0011544,-0.0055125,0.0014273,-0.0022164,0.0014331,0.0076772
-0.00058207,-0.0058109,0.00093756,-0.0018428,0.0019718,0.0065479
-0.00057001,-0.0060222,0.00084603,-0.0017985,0.0020319,0.0067014
-0.00032228,-0.0030428,0.00040942,-0.00089165,0.0009798,0.0034637
-0.00057315,-0.0049687,-5.5118e-05,0.00040385,-0.00023834,0.00094477
-0.00060117,-0.0049314,-0.00028137,0.00098438,-0.00052829,-0.00016716
-0.00012417,-0.0041831,-4.2813e-05,0.00017433,-0.0002299,-0.00022987
6.6191e-06,-0.004025,-7.4478e-06,0.00010579,-4.7008e-05,-0.00026123
-0.00054877,-0.0046796,0.00026207,-0.0041546,-0.00067922,0.0010762
-0.00058752,-0.0047114,0.0002277,-0.0042261,-0.00056126,0.0011484
-0.00028612,0.0030693,0.00087618,0.0015346,-0.0054948,-0.0034307
-0.00019286,0.0032746,0.00081855,0.0019162,-0.0049658,-0.0042205
0.00037236,0.0030915,0.0001669,0.0029587,-0.0019121,-0.0058027
0.00052216,0.0032175,5.1535e-05,0.0033993,-0.0013515,-0.0063752
0.0023388,-0.00041556,-0.0010922,0.023233,-0.0013906,-0.025917
0.0024652,-0.00044628,-0.0013946,0.028589,-0.0015739,-0.03197
0.0024234,-0.00045364,-0.0013246,0.027823,-0.0021826,-0.030891
0.0023918,-0.00046302,-0.0012574,0.027062,-0.0027563,-0.029832
0.0022531,-0.00045064,-0.0011347,0.025026,-0.0031252,-0.02739
0.0022632,-0.00040513,-0.0011216,0.02782,-0.0027802,-0.0303
0.0020857,-0.00033458,-0.0010339,0.02884,-0.0023204,-0.031292
0.0021161,-0.00037133,-0.0010151,0.029078,-0.0030549,-0.031369
0.0020893,-0.00040056,-0.00096336,0.028399,-0.0037058,-0.030451
0.0019258,-0.00040111,-0.00084872,0.025792,-0.0040151,-0.027486
0.0014096,-0.00036961,-0.0010622,0.02247,-0.0038985,-0.025127
0.0015259,-0.0004883,-0.0014365,0.026635,-0.0054128,-0.030374
0.0014767,-0.00052793,-0.0013899,0.025665,-0.0060177,-0.029205
0.0013523,-0.00053703,-0.0012684,0.023324,-0.0062114,-0.026484
0.0013716,-0.00060307,-0.0012773,0.023398,-0.0070092,-0.026507
0.0010275,-0.00035483,-0.0014485,0.020132,-0.0062107,-0.022803
0.0011698,-0.00039564,-0.0019694,0.024553,-0.008326,-0.027784
0.0010541,-0.00041746,-0.0018215,0.022229,-0.0083772,-0.025111
0.0010456,-0.00048207,-0.0018524,0.022124,-0.0092169,-0.024939
0.00098861,-0.00052974,-0.0017937,0.020959,-0.0096337,-0.023565
0.001232,-0.0001945,-0.001797,0.015455,-0.0074005,-0.020126
7.3422e-05,-0.0002171,-0.0030498,0.0037299,-0.0028659,0.0053388
0.00093981,0.00079576,-0.0048707,0.003403,-0.0017212,0.0035981
0.00077727,0.00057243,-0.0051149,0.0042649,-0.001886,0.0049926
0.00031302,-2.4818e-05,-0.005416,0.005301,-0.0027304,0.0076317
0.00047053,0.00024434,-0.0050129,0.0033087,-0.0021863,0.0061233
0.00021918,4.7071e-05,-0.0048921,-0.0028834,-0.0042459,0.0054548
0.00033478,0.00019741,-0.0047764,-0.001345,-0.0036645,0.0039328
0.00016802,-9.1326e-05,-0.005187,0.00015378,-0.0049492,0.0022337
0.00024841,0.00010364,-0.0050062,0.00095503,-0.0047091,0.001374
4.1297e-05,-8.45e-05,-0.0051073,0.0009986,-0.0063469,0.0008074
0.00012634,7.6701e-05,-0.0051123,0.0015215,-0.0060705,0.00053783
8.9275e-06,-0.0002755,-0.0050783,0.0041679,-0.007217,-0.00072763
0.00010662,-0.0001604,-0.0052287,0.0050826,-0.0072472,-0.0010052
0.00034394,-5.2134e-05,-0.0056068,0.0077213,-0.0075326,-0.0018791
0.00038631,8.4387e-05,-0.0056547,0.0081569,-0.0075105,-0.0019382
0.00019673,-0.00066548,-0.0044152,0.011429,-0.0057885,0.0033433
0.00020014,-0.00058222,-0.0044643,0.011259,-0.0050847,0.0029816
0.00010113,-0.00053632,-0.0043527,0.0097158,-0.0036984,0.0023134
0.00026856,-0.00049955,-0.0041099,0.013091,-0.00228,0.0024931
0.00054635,-0.00069128,-0.0039207,0.019195,-7.0821e-05,0.0033876
0.00049549,-0.00038617,-0.0039804,0.018441,-0.0006517,0.0015501
0.00030654,-0.00044412,-0.0044049,0.016876,-0.0025549,0.00011652
0.00037578,-0.00029004,-0.0046735,0.01928,-0.0033273,-0.002203
0.00057329,-0.00054224,-0.005856,0.026024,-0.0058672,-0.0065148
0.00087563,-0.00067476,-0.0058006,0.024285,-0.0068236,-0.0065511
0.0019148,-0.0015624,-0.0063224,0.022342,-0.010455,-0.0073054
0.0019232,-0.0016321,-0.0063532,0.021887,-0.010315,-0.0064405
0.0037057,-0.0010036,-0.0049809,0.014329,-0.0080814,-0.0039218
0.0038694,-0.0011111,-0.005152,0.014241,-0.0081121,-0.0031178
0.0041452,-0.00064633,-0.0035558,0.0097111,-0.0046464,0.0020881
0.0043979,-0.00070128,-0.0036912,0.0098078,-0.0044841,0.0028588
0.0028535,-0.0013493,-0.0032058,0.004892,-0.0035459,0.00051151
0.001992,0.00018214,-0.0034774,0.0082157,-0.0042921,-0.021393
0.0020662,0.00041069,-0.0034936,0.0086254,-0.0032186,-0.021839
0.0024355,0.00047282,-0.004064,0.0093967,-0.0019577,-0.022701
0.0024393,0.00061019,-0.0040144,0.0096574,-0.0015007,-0.023077
0.0025315,4.2035e-05,-0.0044267,0.008624,-0.00030804,-0.019607
0.0026359,0.00013461,-0.0045941,0.009164,7.1342e-05,-0.02048
0.0020523,-0.00047636,-0.0043261,0.0064169,0.00012979,-0.013469
0.0021075,-0.00047134,-0.0043929,0.0066266,0.00044661,-0.013473
-3.3622e-05,-0.00042333,-0.0034377,0.0096717,-0.0034759,-0.0025689
-0.00016604,-0.00026108,-0.0030957,0.0096481,-0.0016553,0.00012256
0.0032092,-0.00043039,-0.0030047,0.0042565,-0.0090117,-0.00014784
0.0035118,-0.00058749,-0.0037971,0.0059115,-0.0068682,-0.0010598
0.0039136,-0.00091345,-0.0052393,0.0091876,-0.0016851,-0.0031754
0.0034094,-0.0003059,-0.0056177,0.010149,-0.00030585,-0.0051432
0.0028586,0.00070855,-0.0066425,0.012897,0.0027632,-0.0095894
0.0014175,0.00038139,-0.0033972,0.0065156,0.0013805,-0.0048148
0.002904,2.811e-05,-0.0056994,0.0089868,0.004219,-0.0066515
0.0034454,-0.0013166,-0.0044966,0.0031679,0.0073132,-0.0022782
0.0026495,-0.0010587,-0.0037174,0.002627,0.004556,-0.0013104
-0.0040377,-0.00020378,0.002949,-0.0018661,-0.0058524,-0.0012342
-0.0049619,0.00034658,0.0030248,-0.0013158,-0.0069184,-0.0037509
-0.0064485,0.0013931,0.0030551,-0.00017793,-0.0085222,-0.0084451
-0.0031062,0.00071481,0.0014792,-7.3897e-05,-0.0040692,-0.0041271
-0.0057739,0.00089498,0.0036577,0.000382,-0.0065453,-0.0075442
-0.0048565,-0.00026308,0.0050726,0.0015343,-0.0032428,-0.0059727
-0.0045483,0.00017752,0.0054046,0.00094081,-0.0037244,-0.0072727
-0.0042716,0.00081608,0.006448,-0.00014162,-0.0048346,-0.010112
-0.0021433,0.00050514,0.0032905,4.4617e-05,-0.0022702,-0.0053362
-0.003526,0.00080098,0.0064846,0.0011987,-0.0032768,-0.0086235
-0.002566,0.00036784,0.0071134,0.00329,-0.0015459,-0.0054492
-0.0012798,0.00025836,0.003605,0.0017415,-0.00062757,-0.0028851
-0.0022639,0.00036307,0.0069596,0.0025745,-0.00089892,-0.0045762
-0.0019427,-0.00012075,0.0074207,0.0005134,-0.00053469,-0.0020374
-0.0019085,4.7611e-05,0.0074291,0.00064153,-0.00018457,-0.0022837
-0.00084837,-5.2807e-05,0.0036687,0.00011854,-0.00019767,-0.0007285
-0.00079574,-0.00013564,0.0037835,-6.7925e-05,-0.00033574,-0.00037521
-0.0015101,-0.00014111,0.0072743,-3.9028e-05,-0.00042047,-0.00088932
-0.0014886,-5.1172e-05,0.0074548,4.1106e-05,-0.00032951,-0.00091424
-0.0013308,-0.00013045,0.0072832,-5.214e-06,-0.00078225,-0.00033546
-0.0013237,2.0075e-05,0.0072886,0.00012119,-0.00055778,-0.00052714
-0.00069484,1.6621e-05,0.0037686,-0.00010444,-0.00058305,-0.00043614
-0.0014134,7.7055e-06,0.0074647,-0.00067578,-0.0020205,-0.0012403
-0.0014672,0.00017262,0.0077306,-0.00053879,-0.0018933,-0.0014849
-0.00063271,-0.00023541,0.0033915,-0.0002821,-0.0012957,-0.00080824
-0.0013123,-0.00038203,0.0069985,-0.00047338,-0.0025539,-0.0017887
-0.0010846,-0.00061781,0.0071531,-0.00040448,-0.0021585,-0.0016705
-0.00057593,-0.0012461,0.0072249,-0.00041255,-0.0014539,-0.0011647
-0.00031136,-0.00058266,0.0036999,-0.00015282,-0.00070127,-0.00064527
-0.0004542,-0.0011903,0.0068331,0.00040413,-0.0023138,-0.0028809
-0.00018927,-0.0014786,0.006785,0.0017859,-0.0044082,-0.0063769
-0.00012232,-0.00069598,0.0034747,0.0009752,-0.0021574,-0.0033044
-0.00015873,-0.0016004,0.0066315,0.0013848,-0.0034672,-0.0054378
3.7705e-05,-0.0023971,0.0069229,0.00022585,-0.0023034,-0.0036027
-1.3058e-05,-0.0011054,0.0033637,0.00016504,-0.0010548,-0.0017897
-2.3907e-05,-0.0022993,0.0068575,0.00014447,-0.0013375,-0.0023633
5.8442e-05,-0.0025918,0.0069029,-0.00054835,0.0005697,0.0011214
-2.2682e-05,-0.0024791,0.0069365,-0.00048384,0.00060864,0.0010584
9.0463e-05,-0.0011753,0.0031857,-0.00044179,0.0018975,0.0025662
0.000187,-0.0011964,0.0031109,-0.00065189,0.0032561,0.0043623
0.00033875,-0.0023773,0.0063366,-0.0013604,0.0065654,0.0088882
0.00027979,-0.0022935,0.0063322,-0.0012739,0.0072096,0.0096756
0.00020069,-0.0020447,0.0058642,-0.00079616,0.009158,0.011772
0.00015884,-0.0019842,0.0058798,-0.00088531,0.0090466,0.011858
0.00022499,-0.002802,0.0055696,-0.0019019,0.011836,0.016353
0.00019585,-0.0027926,0.0057291,-0.002083,0.011925,0.016819
-0.00018327,-0.0019539,0.0046023,-0.0024639,0.0075533,0.011629
-0.00026568,-0.0019476,0.0045257,-0.0023552,0.0070547,0.011152
-0.00039824,-0.0018472,0.0040095,-0.0018666,0.0056025,0.0092094
-0.00029405,-0.0020007,0.0038847,-0.0020245,0.0057785,0.0093011
-7.378e-05,-0.0024868,0.0038707,-0.0023604,0.0066462,0.0099038
-2.7272e-05,-0.0026704,0.0038075,-0.0024147,0.0070435,0.010733
0.00012475,-0.0033914,0.004004,-0.0026028,0.0087699,0.013462
0.00013753,-0.0033924,0.0040054,-0.0027983,0.0084764,0.013197
0.00025092,-0.003917,0.0043848,-0.003361,0.0090768,0.013958
0.00021118,-0.0038115,0.0044708,-0.003431,0.0084452,0.012953
0.00023523,-0.0039213,0.004873,-0.0034474,0.0076687,0.010679
0.00016747,-0.0038941,0.0049121,-0.0035977,0.0075634,0.010774
0.00023982,-0.0041852,0.0052692,-0.0049052,0.0076929,0.010041
0.00015586,-0.0042315,0.0054055,-0.005154,0.0077249,0.010326
-4.3726e-05,-0.0047837,0.0048194,-0.004494,0.0076058,0.010745
-0.00021783,-0.0049846,0.0046663,-0.0044901,0.0074243,0.011662
-0.00046552,-0.0052117,0.004096,-0.0040903,0.0068265,0.012947
-0.00033686,-0.0050776,0.0040907,-0.0050861,0.0075824,0.014527
7.9866e-05,-0.0051188,0.0042434,-0.0071158,0.0098266,0.018305
-1.2957e-05,-0.0048239,0.0046413,-0.0067785,0.0089235,0.018599
-5.8908e-05,-0.0046223,0.0054894,-0.0062984,0.0082198,0.019886
-0.0001423,-0.0042151,0.0053961,-0.0060005,0.0072733,0.018254
-0.00019877,-0.0037762,0.005324,-0.0054703,0.0062305,0.015754
-0.00020427,-0.0037623,0.0051198,-0.0053808,0.0057986,0.015364
-0.00010955,-0.0041033,0.0048911,-0.0052698,0.0055718,0.015305
-6.3423e-05,-0.0041759,0.0046662,-0.0056897,0.0057432,0.015675
0.00025024,-0.004983,0.0044205,-0.0071023,0.0072988,0.018283
0.00018593,-0.0049129,0.0044622,-0.0071991,0.0070907,0.018293
0.00059002,-0.0052516,0.0034059,-0.008578,0.0088142,0.021527
0.0005513,-0.0053122,0.0035859,-0.0088859,0.0088595,0.022184
5.4893e-05,-0.0048828,0.0023397,-0.010559,0.0073618,0.021392
2.1394e-05,-0.0049544,0.002503,-0.010892,0.0074935,0.022139
-0.00010139,-0.0032167,0.0018515,-0.0060838,0.003941,0.014633
0.00031765,-0.0033718,0.0020625,-0.0056044,0.0036484,0.010545
0.00041653,-0.003748,0.0020897,-0.0063365,0.0044441,0.013344
0.00076514,-0.0049489,0.0023065,-0.0085029,0.0069698,0.021237
0.0005312,-0.0047374,0.0020666,-0.0079764,0.0058847,0.019582
5.4341e-05,-0.0049653,0.0013809,-0.0073052,0.0038542,0.016804
2.5909e-05,-0.0049205,0.0014077,-0.0072655,0.00377,0.016851
-0.00026898,-0.0046401,0.0014694,-0.0068521,0.0015081,0.0078435
-0.00033108,-0.004717,0.001466,-0.0070034,0.0014004,0.008006
-0.00018216,-0.0040759,0.0022557,-0.0037137,0.0016567,0.0075796
-0.00024074,-0.0043011,0.0022941,-0.0039394,0.0013318,0.0079629
-0.00029424,-0.0045457,0.0022869,-0.0041456,0.00075343,0.0083238
-0.00029875,-0.004067,0.0019782,-0.0034959,0.00055252,0.0075857
-0.00021612,-0.0033383,0.0015008,-0.0024235,0.00045629,0.0064119
-0.00021641,-0.003567,0.0016901,-0.0032297,0.00060261,0.0067631
-0.00020831,-0.0041855,0.0021254,-0.0048971,0.00098579,0.0077348
-4.6168e-05,-0.0038163,0.0019252,-0.0042831,0.0011811,0.0069315
0.0003382,-0.0033901,0.0016775,-0.0034768,0.0018602,0.0057178
0.0002504,-0.0032551,0.0014768,-0.00264,0.0014442,0.0048805
9.3004e-05,-0.003266,0.0011234,-0.0008748,0.00070794,0.0030437
5.1381e-05,-0.00313,0.0010595,-0.00081325,0.00062709,0.0027175
-7.6866e-05,-0.0031934,0.0010264,-0.0010277,0.00045698,0.0019977
-5.9522e-05,-0.0031407,0.0010199,-0.00090425,0.00050925,0.0020201
-9.9847e-05,-0.0032931,0.00069802,-0.00015834,1.8559e-06,0.00042166
-6.4092e-05,-0.003285,0.00070811,1.9592e-05,0.00011404,0.00045149
0.00043849,-0.0036372,0.00070732,-0.0019557,0.0010732,0.0010197
0.00037146,-0.0038303,0.00058442,-0.0012393,0.00080756,0.00044999
0.00015999,-0.0040471,0.0002826,0.0001543,0.00010558,-0.00085673
0.00024705,-0.0035808,0.00022788,0.0012095,6.5004e-05,-0.0012199
0.00028264,-0.0031676,0.00016833,0.0026952,-0.00040547,-0.0020894
-9.6515e-06,-0.0032809,0.00050632,0.0013595,-0.00083366,-0.0013683
-0.00066627,-0.0038973,0.0011423,-0.001387,-0.0019605,-0.00021509
0.00015079,0.0030681,0.002677,0.00030968,-0.0024744,-0.00067263
9.02e-05,0.0033247,0.0030107,0.00021555,-0.0028711,-0.00034328
4.2062e-05,0.0040824,0.0039722,8.8913e-05,-0.0038649,0.00022316
-0.00022243,0.004086,0.0041515,2.1558e-05,-0.0051797,0.00065433
-0.00066379,0.0044641,0.0050502,-0.00012973,-0.008271,0.0014839
-0.00058069,0.0045061,0.0048321,-0.00015106,-0.0071548,0.00064947
-0.00025675,0.0051144,0.0049941,0.00018939,-0.0055826,-0.0016175
-0.00039998,0.0050513,0.0047619,5.5873e-05,-0.0061727,-0.0012954
-0.00054525,0.0051909,0.0045678,0.00027024,-0.0079977,-0.00099452
-0.00064251,0.0052002,0.0045586,5.1062e-05,-0.0080995,-0.00073684
-0.00019503,0.0055033,0.0048861,0.00080474,-0.0040524,-0.0015222
-0.00012927,0.0056141,0.0049848,0.00071083,-0.0034032,-0.0013557
0.00038206,0.0055542,0.0050642,0.00066631,-0.00019253,-0.001146
0.00033132,0.0056059,0.0050477,0.00068465,-0.0002814,-0.001027
5.0151e-05,0.0050247,0.0042406,0.00061547,-0.00043324,-0.00091046
4.2469e-05,0.0051529,0.0041065,0.00056558,-0.00059351,-0.0009341
6.7221e-05,0.0051529,0.0036598,0.0004245,-0.00081827,-0.0010587
2.2381e-05,0.0052569,0.0035111,0.0004991,-0.00078784,-0.00098869
-3.0263e-05,0.0056787,0.0034215,0.00053541,-0.00063698,-0.0012026
-1.1411e-05,0.0057345,0.0030234,0.0008647,-0.00072772,-0.0013603
1.8762e-05,0.0061231,0.0024682,0.0012533,-0.0008075,-0.0021403
3.1238e-05,0.0031426,0.0012529,0.00077794,-0.0004435,-0.00096177
-3.3823e-05,0.0059579,0.0019655,0.00081151,-0.0014677,-0.0020345
-0.00026163,0.0059052,0.0010383,-0.00087748,-0.0028287,-0.0026714
-0.00010276,0.0030201,0.0005307,-0.00027735,-0.0014566,-0.0011875
-0.00037402,0.0057114,0.0013317,-1.1328e-05,-0.0033738,-0.0021138
-0.0010198,0.0054119,0.0022688,0.00083764,-0.0050764,-0.0021362
-0.0010253,0.0054398,0.0023127,0.00088697,-0.0052124,-0.0017277
-0.00022435,0.0040345,0.0013957,0.001543,-0.0019522,-0.0044455
-0.00027474,0.0041464,0.0014855,0.0015218,-0.0021116,-0.0043196
0.0023895,0.00010771,-0.00061101,0.04427,-0.011565,-0.044753
0.0024162,0.00013442,-0.00058409,0.037641,-0.011962,-0.037962
0.0022886,0.00015113,-0.00052112,0.030274,-0.011514,-0.030422
0.0018434,-2.8553e-05,-0.0010225,0.028571,-0.0093385,-0.028433
0.0023285,-9.1124e-05,-0.0014825,0.033285,-0.01202,-0.03277
0.0023286,-8.9881e-05,-0.0014531,0.029121,-0.012182,-0.028335
0.0023329,-8.9596e-05,-0.0014242,0.025652,-0.012316,-0.024591
0.0021278,-5.2375e-05,-0.0012604,0.021642,-0.011112,-0.02047
0.0013864,0.00030589,-0.00070012,0.021574,-0.0053799,-0.021067
0.0013886,0.00031264,-0.00069604,0.020723,-0.005482,-0.020171
0.0031024,2.0643e-05,-0.0018467,-0.0036469,-0.013707,0.0036864
0.0032301,5.016e-05,-0.0019235,-0.0036371,-0.01424,0.0038109
0.0032634,8.0492e-05,-0.001944,-0.0035179,-0.014354,0.0038324
0.0032523,0.00011015,-0.0019379,-0.0033572,-0.01427,0.0038107
0.0027689,-5.5386e-05,-0.0043894,0.0010134,-0.016157,-0.0063909
0.0028278,-5.8449e-05,-0.0049233,0.0010477,-0.019574,-0.0052452
0.0028163,-8.1167e-05,-0.0054363,0.0010959,-0.023298,-0.0034596
0.0024489,6.5074e-05,-0.0053634,0.00080871,-0.024639,-0.0029439
0.0020714,0.00026303,-0.0054621,0.00053568,-0.027986,-0.0023773
0.0020358,0.00012057,-0.0050193,0.00129,-0.026723,-0.0012968
0.0021475,1.3267e-05,-0.0046608,0.0027475,-0.026904,-0.00018166
0.0017955,-8.8847e-05,-0.0038265,0.0064596,-0.022932,0.00052292
0.001598,-0.00014108,-0.0033096,0.010177,-0.020997,0.00095337
0.00080949,5.1747e-05,-0.0022539,0.020649,-0.012553,0.00086402
0.00051392,0.0002024,-0.0021342,0.024819,-0.01028,0.00037587
0.00065168,7.9756e-06,-0.0021999,0.026686,-0.0074821,0.0011832
0.00081178,-0.00012177,-0.0024793,0.030503,-0.0056467,0.0018193
0.00087664,-0.00014039,-0.0030031,0.027785,-0.0068206,0.0021371
0.00093824,-0.00016549,-0.0037173,0.026332,-0.0084613,0.002419
0.0012786,-8.9904e-05,-0.0040595,0.02262,-0.0089423,0.00261
0.0016977,2.5567e-06,-0.0048079,0.019457,-0.010424,0.002845
0.0018947,5.1234e-06,-0.0052853,0.017398,-0.012265,0.0037605
0.0018038,-1.0829e-06,-0.0051502,0.012848,-0.012951,0.004191
0.0018166,1.7933e-05,-0.0051136,0.004823,-0.010112,0.0040107
0.0018914,2.7258e-05,-0.0051613,0.0042144,-0.009539,0.0040965
0.0015984,0.00016733,-0.0042166,0.0013547,-0.0047952,0.0016603
0.0016768,0.00018755,-0.0042498,0.0014435,-0.0044588,0.001684
0.0014177,5.02e-05,-0.0035816,0.0003239,-0.0024188,0.00079534
0.0014991,6.5457e-05,-0.003612,0.0003678,-0.0021008,0.00079655
0.0014874,8.1927e-05,-0.0035701,0.00028409,-0.0016805,0.00057602
0.0015842,9.8308e-05,-0.0036186,0.0003132,-0.0013373,0.00056521
0.0019506,0.00013968,-0.0041368,-0.00024748,-0.0010699,-0.00023736
0.0020599,0.00016431,-0.004231,-0.00030558,-0.00069667,-0.00033612
0.0027218,6.2483e-06,-0.0053113,0.00030538,-0.0014791,0.00067378
0.0028078,3.4283e-05,-0.0053752,0.00018838,-0.001004,0.00053484
0.0026149,2.8593e-06,-0.0057028,0.00041932,-0.0012388,0.00070043
0.002708,3.4068e-05,-0.0058267,0.00029856,-0.0007758,0.00055408
0.0019684,-0.00015799,-0.0051261,0.0001252,-0.00035482,0.0006899
0.0020313,-0.00015333,-0.0052031,2.9859e-05,8.8246e-05,0.00059746
0.0012186,-0.00020328,-0.0046072,5.3486e-06,-0.00063013,0.0014659
0.0012675,-0.00020145,-0.004691,-3.3176e-06,-0.00028619,0.0015271
0.00087892,0.00022074,-0.0040934,0.00015274,-0.00058324,0.00016204
0.00095652,0.0002343,-0.0040939,0.0001425,-0.00017454,0.00011675
0.00082318,-1.664e-05,-0.004134,0.00054587,0.00023674,0.00071575
0.00091098,-4.042e-06,-0.0041583,0.0005504,0.00067225,0.00067311
0.00055176,0.00021784,-0.0040204,0.00047414,-3.9522e-05,0.0002488
0.0006389,0.00023835,-0.0040762,0.00049685,0.00037178,0.00021035
0.00026015,8.3144e-05,-0.0037248,0.0001724,-0.00019038,0.00042545
0.00033314,9.779e-05,-0.0038065,0.00019472,0.00016029,0.00040732
0.00043391,0.00013869,-0.0030049,0.00030441,0.00092101,-0.00028719
0.0001035,-0.000891,0.0031563,-0.0010026,0.010071,0.019869
-0.00020825,-0.0015997,0.0043139,-0.00054858,0.010231,0.023111
-0.00051157,-0.0021824,0.0041509,-0.00012691,0.0088481,0.021683
-0.0010155,-0.0032505,0.0035221,0.00052389,0.0052928,0.018749
-0.00044106,-0.0037062,0.0034699,0.0011488,0.0048406,0.013025
-2.5262e-05,-0.0044896,0.0035639,0.0015464,0.0042234,0.0087644
-5.3961e-05,-0.0043855,0.0033121,0.00081726,0.00073722,0.0068482
-0.00011311,-0.0045856,0.0032926,0.00021575,-0.0022588,0.0055827
-1.5257e-05,-0.0042031,0.0035745,-0.00035253,-0.0023654,0.0056099
0.00010842,-0.004118,0.0040902,-0.00079459,-0.0026194,0.0059626
-2.7326e-06,-0.003744,0.004507,-0.0014248,-0.0025365,0.0052826
-7.7193e-05,-0.0035213,0.0050924,-0.001979,-0.0025299,0.0047932
-0.00023774,-0.0034334,0.0052688,-0.00173,-0.0013402,0.0049768
-0.00037434,-0.0035778,0.0057917,-0.0014767,-0.00015547,0.005523
-0.0002352,-0.0033928,0.0060032,-0.00082299,0.00052321,0.0057429
9.7178e-05,-0.003285,0.0066166,0.00036086,0.0017665,0.0063603
1.5196e-05,-0.0016513,0.003362,0.00014146,0.00086926,0.003237
-5.1713e-05,-0.00331,0.0064463,-0.00016674,0.0017594,0.005803
-0.0001705,-0.0035757,0.0065342,-0.00080419,0.0019318,0.0052584
-0.00012346,-0.0018004,0.003326,-0.00044057,0.00095484,0.0026763
-0.00010517,-0.0035068,0.0065474,-0.00036853,0.0022866,0.006195
0.00012832,-0.003709,0.0070272,0.00039447,0.0031143,0.0081671
2.6068e-05,-0.0018628,0.0035729,0.00014543,0.0015432,0.0041543
6.7147e-05,-0.0035725,0.0065068,-0.00014292,0.0035528,0.0085926
7.2973e-05,-0.0037403,0.0064989,-0.00059562,0.004275,0.009644
5.56e-06,-0.0017846,0.0031358,-0.0003354,0.0020207,0.0046569
-7.2988e-05,-0.0037577,0.0060725,-0.0006217,0.0043275,0.010188
-0.00016425,-0.0038922,0.0058502,-0.00060933,0.0045246,0.010931
-0.00039093,-0.0038431,0.0055859,-0.00028094,0.0047027,0.011712
-0.00058209,-0.0039392,0.0055079,0.00011185,0.0050961,0.012853
-0.0006116,-0.0038685,0.0052284,-0.00047944,0.0059867,0.014472
-0.00063052,-0.0040044,0.0052424,-0.00097897,0.0072519,0.016728
-0.00078774,-0.0035904,0.0049508,-0.0013448,0.0069977,0.016188
-0.0009802,-0.0034139,0.0049167,-0.0017584,0.0072183,0.016623
-0.0011709,-0.0031728,0.0049442,-0.0017765,0.0065743,0.015628
-0.0014744,-0.0030539,0.0050896,-0.0019053,0.005857,0.014888
-0.0017537,-0.0030483,0.0050907,-0.0019934,0.0050439,0.013604
-0.0022747,-0.0032964,0.0052915,-0.0022777,0.0039952,0.012372
-0.001981,-0.0030021,0.0054275,-0.0017636,0.0042141,0.011547
-0.0016063,-0.0027954,0.0059271,-0.0010794,0.0048785,0.010728
-0.00082729,-0.001398,0.0030122,-0.00056444,0.0024359,0.0054947
-0.0020279,-0.0031805,0.0056762,-0.0022315,0.0043186,0.010068
-0.0025358,-0.0037348,0.0057273,-0.0034087,0.0040223,0.0099147
-0.0026693,-0.0039376,0.0054294,-0.0029914,0.0043834,0.011088
-0.0029593,-0.0044165,0.005527,-0.0027617,0.005091,0.012915
-0.0027494,-0.0044942,0.0052156,-0.0022068,0.0057817,0.014716
-0.0027217,-0.0048984,0.0053105,-0.0018057,0.0069557,0.017345
-0.0026056,-0.0048315,0.0047609,-0.0024491,0.0058335,0.015349
-0.0025689,-0.0050098,0.0043359,-0.0032649,0.0049476,0.013836
-0.0022562,-0.0048584,0.0040654,-0.0029606,0.0035538,0.01176
-0.0019805,-0.0050035,0.0038876,-0.0028555,0.0021384,0.0097633
-0.0016251,-0.0052432,0.0042802,-0.0029444,0.00069815,0.012233
-0.0011631,-0.005811,0.0049909,-0.0031587,-0.0010678,0.015962
-0.0011105,-0.0055756,0.0049471,-0.0031728,-0.0011743,0.015755
-0.00098865,-0.0056139,0.0051163,-0.0033278,-0.0011454,0.016384
-0.0012632,-0.0050057,0.004446,-0.0029702,-0.0011237,0.013939
-0.0015345,-0.0048238,0.0041156,-0.0028079,-0.0010757,0.012714
-0.001468,-0.0041979,0.0038777,-0.0029067,-0.00066753,0.01149
-0.0014833,-0.003967,0.0039457,-0.00324,-0.00025225,0.011268
-0.0010838,-0.0034512,0.0043686,-0.0025649,0.0010077,0.00977
-0.0007292,-0.0030989,0.0049225,-0.002055,0.0023107,0.008705
-0.00070511,-0.00294,0.0050657,-0.0015695,0.0018621,0.007475
-0.00070264,-0.0029409,0.0054419,-0.0011667,0.0016009,0.0066203
-0.00080087,-0.0034102,0.0054988,-0.00084843,0.00099874,0.0068008
-0.00094745,-0.0041633,0.0059572,-0.00055693,0.00046669,0.0074738
-0.00064329,-0.004519,0.0053098,-0.00070193,0.0011022,0.0069699
-0.00020409,-0.0054312,0.0049464,-0.00089289,0.0020998,0.0070635
-0.00025719,-0.0057179,0.0042324,-0.0024869,0.00096158,0.0082635
-0.00012926,-0.0064589,0.0034381,-0.0048127,-0.00052633,0.010477
-0.00010957,-0.0032467,0.0017393,-0.0023947,-0.00035641,0.0053362
-0.00015269,-0.0064323,0.0032296,-0.0044765,-0.00090011,0.013997
6.202e-05,-0.0068164,0.0031044,-0.0040872,-0.0011142,0.021044
2.7643e-05,-0.0033929,0.0016032,-0.0018905,-0.0005832,0.010644
-1.657e-07,-0.0065537,0.0031708,-0.0047985,0.00049239,0.023324
-8.3279e-06,-0.0066008,0.0033279,-0.0057325,0.0023361,0.026323
1.9436e-05,-0.0032584,0.0017124,-0.0026426,0.0013146,0.013224
-0.0001044,-0.0054801,0.003265,-0.0041941,0.0025571,0.022002
-0.00025996,-0.0049362,0.0033535,-0.003552,0.0026071,0.019545
-0.00014992,-0.0042952,0.0037859,-0.0035677,0.0025645,0.015097
-0.00014434,-0.0041336,0.0044516,-0.0042169,0.0024325,0.012294
-0.00041048,-0.0041105,0.0044825,-0.0032654,0.0013573,0.0093274
-0.00070537,-0.0042591,0.0046275,-0.0024088,0.00040288,0.0063806
-0.00079221,-0.0039228,0.0038939,-0.0036869,-0.00022272,0.0041807
-0.00079398,-0.0037486,0.0032465,-0.0053181,-0.0007472,0.0017896
-0.00058514,-0.0034308,0.0024396,-0.0046998,-0.0012341,0.0008536
-0.00017343,-0.0032589,0.0015122,-0.004136,-0.0020713,-0.00033945
-0.00034746,-0.0031301,0.00164,-0.0036696,-0.0027849,0.000175
-0.00058287,-0.0033041,0.0021093,-0.0033716,-0.0043181,0.00115
-0.0012028,-0.0031554,-0.00050547,-0.0030337,-0.0036469,0.0010435
-0.0017108,-0.0030693,-0.0006532,-0.0018127,-0.0063646,0.0030245
-0.0023912,-0.0032523,-0.0008378,-0.00073004,-0.0097549,0.0052167
-0.0022507,-0.0031546,-0.0010371,-0.0003724,-0.010991,0.0067267
-0.0023342,-0.0033949,-0.0013997,-5.8564e-05,-0.013445,0.0090164
-0.0022902,-0.0035594,-0.0016357,0.0016839,-0.01175,0.0088912
-0.0019651,-0.003304,-0.0017854,0.003022,-0.0083915,0.0071931
-0.002278,-0.0034647,-0.0016866,0.002269,-0.0072996,0.0054505
-0.0023762,-0.003558,-0.0017131,0.0024002,-0.0073903,0.0055047
-0.0018955,-0.0033699,-0.001542,0.0023866,-0.0016145,0.0042979
-0.0019393,-0.0033988,-0.0015642,0.0024835,-0.0016228,0.0043703
-0.0026412,-0.0034979,-0.0019832,0.00086058,-0.002966,0.003269
-0.00273,-0.0035612,-0.0020347,0.00093681,-0.0030234,0.0033486
-0.002774,-0.0034436,-0.0018883,-0.00073271,-0.00013709,0.0025873
-0.0029022,-0.00353,-0.0019551,-0.00077313,-0.00015127,0.002656
-0.0022122,-0.0034381,-0.0014249,-0.00023361,0.0040097,0.0040346
-0.0023513,-0.0035414,-0.0014873,-0.00032791,0.0041468,0.0041896
-0.0022342,-0.0031358,-0.0021546,0.00088299,0.0035827,0.0013307
-0.0023284,-0.0031777,-0.0022012,0.00081791,0.0036227,0.0013801
-0.0008686,0.003429,0.00062955,0.00070364,-0.00080139,2.3107e-05
-0.00095977,0.0040478,0.0015051,0.0016707,-0.0012099,-0.0015882
-0.00097486,0.0047992,0.002512,0.0028011,-0.0017109,-0.002904
-0.00079148,0.0048809,0.0033778,0.0019923,-0.0016387,-0.0030481
-0.00066329,0.005112,0.0044729,0.0011228,-0.0017364,-0.0034628
-0.00043056,0.0051094,0.004195,0.00078395,-0.0011621,-0.002468
-0.0002661,0.0052821,0.0040089,0.00015014,-0.00069602,-0.001794
-9.7896e-05,0.0053086,0.0036264,-0.00011887,-0.00020289,-1.3621e-05
1.3126e-05,0.0056466,0.0031967,-0.00088851,0.00035927,0.0018635
-0.00027796,0.0057943,0.0028747,-0.00047989,-0.00057274,0.0013454
-0.00093002,0.0064709,0.0025854,-0.00022762,-0.0025409,9.0468e-05
-0.00040965,0.0031744,0.0012952,3.9519e-06,-0.0011358,0.00032713
-0.00061845,0.0064147,0.0026319,-0.00014662,-0.0014787,0.00010168
-0.00039533,0.0065656,0.0027254,-0.0001846,-0.00067739,-0.00029525
-0.00016024,0.0033191,0.0014019,3.4535e-05,-0.00026763,0.00010959
0.0027844,-2.6392e-05,-0.00038963,0.047337,-0.0016279,-0.048
0.0029368,-3.8658e-06,-0.00039518,0.048595,-0.0023459,-0.0492
0.0029659,2.1313e-05,-0.00038282,0.047448,-0.0029864,-0.047962
0.0029773,4.7123e-05,-0.00036801,0.045788,-0.0035792,-0.046206
0.001386,-3.309e-06,-0.00031203,0.023411,-0.0018181,-0.024222
0.0011714,-2.061e-05,-0.00034625,0.020956,-0.0016536,-0.021996
0.0026189,-4.5261e-05,-0.00078218,0.045528,-0.0041736,-0.047832
0.0026371,-4.4353e-05,-0.00079886,0.043856,-0.0048349,-0.046148
0.0024934,-4.0713e-05,-0.00076569,0.039517,-0.0051165,-0.041658
0.0026395,-4.1704e-05,-0.00082155,0.039696,-0.0059519,-0.041934
0.0019874,0.00013781,-0.0010462,0.038568,-0.0049474,-0.040005
0.0022266,0.00024867,-0.0014651,0.047345,-0.0064734,-0.048819
0.0020788,0.00022245,-0.001399,0.042262,-0.0067767,-0.043644
0.0021833,0.00022309,-0.001502,0.042257,-0.0078473,-0.043713
0.0021575,0.00020939,-0.0015176,0.039549,-0.0084563,-0.040993
0.0014408,0.00015494,-0.0015234,0.03288,-0.0075461,-0.034261
0.001496,0.00015961,-0.0019737,0.037492,-0.0097007,-0.039247
0.0013757,0.00013219,-0.0018733,0.032962,-0.0096496,-0.034617
0.0014227,0.00012067,-0.0019999,0.032546,-0.010724,-0.034302
0.0013873,0.0001005,-0.0020153,0.030225,-0.011198,-0.031984
0.0010271,0.0001012,-0.0018934,0.025147,-0.0096143,-0.026595
0.0011139,0.00012362,-0.0024411,0.0291,-0.012017,-0.030836
0.0010103,9.7664e-05,-0.0023186,0.025596,-0.011739,-0.027242
0.0010176,8.2308e-05,-0.002449,0.025038,-0.012708,-0.026773
0.00097571,6.1333e-05,-0.0024697,0.023333,-0.013106,-0.025081
0.00086166,0.00012611,-0.0024913,0.021374,-0.012334,-0.02304
0.00088904,0.00019344,-0.0029086,0.022791,-0.013788,-0.024664
0.00079291,0.00016539,-0.0027685,0.020167,-0.01337,-0.021954
0.00077231,0.00015296,-0.0028875,0.019573,-0.014181,-0.021442
0.00072141,0.00013364,-0.0029051,0.018307,-0.014492,-0.020192
0.00072525,0.0001008,-0.0031294,0.016532,-0.015927,-0.018865
0.00069189,8.0507e-05,-0.0032635,0.015948,-0.016834,-0.018373
0.00062669,5.4975e-05,-0.0032631,0.01474,-0.017048,-0.017158
0.0005624,2.9017e-05,-0.0032645,0.013644,-0.017261,-0.016055
0.00088143,3.7137e-05,-0.0032501,0.01223,-0.016951,-0.014475
0.0012453,4.612e-05,-0.0034094,0.011482,-0.017481,-0.013664
0.0012592,2.0846e-05,-0.0036213,0.011249,-0.018667,-0.013537
0.0011929,-8.2123e-06,-0.0036141,0.010344,-0.018725,-0.012597
0.0010743,-3.4726e-05,-0.0034291,0.0090742,-0.017848,-0.011181
0.0016822,-9.2813e-06,-0.0033182,0.0068111,-0.014694,-0.0082802
0.0016434,-2.1412e-05,-0.0033292,0.0064331,-0.014696,-0.007883
0.0016136,-3.3581e-05,-0.0033575,0.0061138,-0.014772,-0.0075518
0.0015766,-4.5527e-05,-0.0033702,0.0057888,-0.014776,-0.0072077
0.0019346,-0.00012861,-0.0031767,0.0044739,-0.011107,-0.0049903
0.0019116,-0.00012675,-0.003197,0.0043364,-0.01109,-0.0048441
0.0018939,-0.00012502,-0.0032262,0.0042181,-0.011103,-0.0047186
0.0017755,-0.00011647,-0.0030792,0.0038875,-0.010515,-0.0043545
0.0018767,-7.9513e-05,-0.003272,0.0035196,-0.0070965,-0.0034627
0.0018509,-6.3577e-05,-0.0032834,0.0034652,-0.0070709,-0.0034214
0.0017322,-4.5511e-05,-0.0031253,0.0032389,-0.0066844,-0.0032096
0.0018145,-3.247e-05,-0.0033301,0.0033898,-0.007074,-0.0033718
0.0019031,-5.9325e-05,-0.0031382,0.00227,-0.0058296,-0.0024364
0.0018702,-7.2943e-06,-0.0031389,0.0022415,-0.0057716,-0.0023638
0.0018693,1.9485e-05,-0.003166,0.0022472,-0.005791,-0.0023479
0.0011318,0.00026182,-0.0047079,0.016909,-0.018433,-0.0038516
0.0011109,0.00022792,-0.004855,0.018085,-0.019758,-0.0034035
0.00089824,0.00012687,-0.0049303,0.01968,-0.022369,-0.0023502
0.00093641,6.3612e-05,-0.0048147,0.019651,-0.021761,-0.001821
0.00073224,8.6709e-05,-0.0048288,0.01519,-0.027316,-0.001326
0.00079873,-4.0882e-05,-0.0049137,0.015731,-0.027847,-0.00058568
0.0012128,-4.8075e-05,-0.0048827,0.010047,-0.029336,0.00042712
0.0012892,-0.00019268,-0.0048695,0.010145,-0.029181,0.0013173
0.0010945,-0.00054888,-0.0040956,0.0035654,-0.027471,0.0029998
0.0012364,-0.00036501,-0.0039102,0.0029743,-0.027006,0.0026625
0.0013679,0.0001579,-0.0034006,0.001574,-0.025212,0.0010781
0.0012123,8.8498e-05,-0.0030122,0.00093086,-0.025723,0.0013012
0.00088283,0.00015445,-0.002585,-0.00013541,-0.029297,0.00056451
0.00093428,1.1501e-05,-0.0021707,-7.8423e-05,-0.02778,0.0010865
0.001114,5.7316e-05,-0.0017356,0.00073257,-0.027605,0.00039497
0.0010258,6.5633e-06,-0.0016785,0.00059415,-0.026647,0.00091613
0.0010063,0.00017659,-0.0018584,0.0013726,-0.027179,0.00032951
0.0010013,9.7726e-05,-0.0018695,0.0010833,-0.026313,0.0010568
0.0011973,0.00022071,-0.0022903,0.0017124,-0.027088,0.0010602
0.0011709,0.00012703,-0.0022611,0.0016774,-0.02627,0.0017895
0.0013159,0.00015847,-0.0025641,0.0030203,-0.026956,0.002035
0.0012933,6.999e-05,-0.0025067,0.002697,-0.026531,0.0026211
0.0011391,0.00032279,-0.0029515,0.009702,-0.027203,0.0030465
0.001173,0.00019757,-0.0029029,0.0095611,-0.026905,0.0038075
0.00075336,0.00016709,-0.0017875,0.020362,-0.012124,0.0026603
0.00058797,0.00013956,-0.001551,0.022148,-0.0089738,0.001776
0.00026471,0.00024896,-0.0014426,0.0273,-0.0056773,-0.00013353
0.00024177,0.00029946,-0.0013883,0.026481,-0.0031837,-0.00058821
0.00010296,0.000523,-0.0016013,0.028086,0.00017768,-0.0019742
0.000198,0.00038159,-0.0014822,0.026425,0.0019038,-0.0015089
0.00023345,3.7615e-05,-0.0015153,0.023768,0.0052887,-0.0010987
0.00030521,0.00013662,-0.0015752,0.021566,0.005214,-0.00092939
0.0017535,0.0002776,-0.0032932,0.00087382,0.0064264,-0.0038358
0.0019279,0.00010537,-0.0035129,0.00056179,0.0075106,-0.0033633
0.0021315,-0.00022177,-0.0038443,3.2256e-05,0.0089396,-0.0023842
0.0020942,-0.00024554,-0.0035855,0.0010637,0.009072,-0.0012797
0.0019751,-0.00040226,-0.0034316,0.0033409,0.0089854,0.0010528
0.0017479,-0.00033654,-0.0032211,0.0035925,0.0085176,0.0023803
0.0012596,-0.00033712,-0.0032255,0.0045353,0.0074282,0.0053124
0.0011742,-0.00017661,-0.0032258,0.0050468,0.0080452,0.0070399
0.00080972,2.4729e-05,-0.0037154,0.0066632,0.0092011,0.011993
0.00081572,0.00019376,-0.0032679,0.0066264,0.010181,0.01236
-5.7655e-05,0.00075075,-0.0030561,0.0038095,0.01006,0.013546
0.0010777,0.0006612,-0.0031929,0.0013342,0.0078725,0.0031876
0.0012967,0.00054227,-0.0035934,0.00038164,0.0064323,-0.00064737
0.0017656,0.00059715,-0.0037653,0.00048287,0.0033986,-0.002244
0.0019373,0.00062016,-0.0038844,0.00026011,0.0033455,-0.0026893
0.0025866,0.00028184,-0.0031477,-4.7486e-05,0.0054287,-0.0025364
0.002836,0.00022863,-0.0031071,-0.00032175,0.0062227,-0.0027364
0.0008403,0.00021515,-0.001374,-0.0011829,0.020906,0.0028953
0.00099521,0.00036902,-0.0012217,-0.0014139,0.021904,0.0030929
0.00019516,-0.00026818,-0.0033189,-0.0068303,0.0027167,0.010064
0.00021636,-0.00026086,-0.0035079,-0.0072419,0.0018074,0.010083
0.0005224,-2.1901e-06,-0.0033117,-0.0095418,-0.0017764,0.0088085
0.00062814,4.4497e-05,-0.0033664,-0.01026,-0.0023228,0.0089343
-0.0008832,0.001164,0.0030542,-0.0016724,-0.002058,-0.0095697
-0.00075485,0.0011531,0.0033558,-0.0022583,-0.0010105,-0.0088079
0.0011711,-0.00019566,-0.0034735,-0.00058963,0.0043606,0.0028388
0.0012488,-8.4704e-05,-0.0043196,-0.00074749,0.0047617,0.0030342
0.0013136,-0.0011753,-0.0050665,0.0002642,0.006487,0.010262
0.0013857,-0.0013605,-0.0053754,0.00096779,0.0074623,0.012148
0.0017603,-0.001446,-0.0036208,-0.00063536,0.0087115,0.010524
0.0019157,-0.0013047,-0.0034834,-0.00068125,0.0094153,0.0099666
-0.0018974,0.00084443,0.0042311,-0.0045404,0.0035361,0.010318
-0.002019,0.00083013,0.0045428,-0.0047308,0.0038182,0.011139
-0.0018916,0.00017531,0.0034016,-0.007272,0.0039415,0.011313
-0.0018824,0.00011477,0.0033945,-0.0079872,0.0044882,0.011672
-0.0019224,0.00076479,0.00477,-0.0047528,0.0050041,0.012298
-0.0019336,0.00093491,0.0052126,-0.0041482,0.0056228,0.012768
-0.0018599,0.0013147,0.006233,-0.0014641,0.0040585,0.0077924
-0.0019955,0.0014538,0.0066169,-0.0006714,0.0035642,0.0067904
-0.00105,0.00073819,0.0033303,-0.00032082,0.0018136,0.0035204
-0.0017181,0.00092474,0.0063596,-0.0001155,0.00028509,2.732e-05
-0.0017373,0.00088781,0.006487,0.00030306,-0.00071397,-0.0022152
-0.00091537,0.00049272,0.0032686,0.00027485,-0.00035902,-0.0011616
-0.0012101,0.00012994,0.006366,0.00026119,-0.0011561,-0.0032364
-0.0010596,-7.2423e-05,0.0066017,0.00046209,-0.001247,-0.0040406
-0.00055764,3.186e-05,0.003333,0.000399,-0.00056282,-0.002183
-0.0011545,-0.00029687,0.0067984,-0.0014836,-0.0011472,0.00089972
-0.0013089,-0.00019959,0.0070687,-0.0014975,-0.0012644,0.0012523
-0.00070122,-3.4251e-05,0.0035428,-0.00062121,-0.00065939,0.00051844
-0.00094877,-0.00059037,0.0071574,-0.001487,0.0031621,0.010015
-0.0010195,-0.00063675,0.0074548,-0.0016334,0.0038483,0.011862
-0.00055766,-0.00029782,0.0037679,-0.00084232,0.0019171,0.0060757
-0.0012375,-0.0010217,0.007222,-0.0061148,0.0075647,0.01854
-0.0012831,-0.0010611,0.0073786,-0.0072537,0.008658,0.020202
-0.00065072,-0.00051191,0.0037508,-0.0037994,0.0045176,0.01032
-0.0013503,-0.0024293,0.0068129,-0.0036284,0.011336,0.016699
-0.0014372,-0.0026808,0.0069253,-0.0031062,0.012194,0.016747
-0.00073843,-0.0013082,0.0034965,-0.0016153,0.0061758,0.0085428
-0.0013968,-0.0037902,0.0056461,-0.0024775,0.0098831,0.0089674
-0.0016853,-0.0045951,0.0061665,-0.0025982,0.010563,0.008766
-0.0015178,-0.0043253,0.0053308,-0.0011321,0.0077387,0.0062399
-0.0014323,-0.0047115,0.0049524,0.00093006,0.0049089,0.0029904
-0.0011331,-0.0051974,0.0052927,-0.0030862,0.0045777,0.0065705
-0.0011362,-0.0055048,0.0055741,-0.0044627,0.0044653,0.0080019
-0.00061342,-0.0050444,0.0051783,-0.0020874,0.003181,0.006504
-0.0006307,-0.0051245,0.0053132,-0.0017441,0.0030219,0.0065869
-0.00063221,-0.0050324,0.0049244,-0.0026894,0.0014031,0.0050155
-0.00072922,-0.0051683,0.0050802,-0.0028174,0.0012757,0.0050314
-0.00048923,-0.005044,0.0049601,-0.0017611,0.00064725,0.0030902
-0.00054231,-0.005241,0.0052366,-0.0016046,0.00074083,0.0029242
-0.00061676,-0.0054461,0.0050258,0.00061818,0.00078117,0.00406
-0.00071662,-0.0055755,0.0051388,0.0010524,0.00085732,0.0043453
-0.0011369,-0.0058388,0.0054343,-0.0019972,0.0026228,0.0066251
-0.0011888,-0.0053763,0.0050537,-0.0023406,0.0026361,0.0066175
-0.0011539,-0.0052758,0.0052189,-0.0065995,0.0057707,0.015052
-0.0011805,-0.0053541,0.0053658,-0.007588,0.006104,0.017573
-0.00085255,-0.0050159,0.0051353,-0.0099615,0.007238,0.023097
-0.00085024,-0.0048515,0.0052004,-0.0098892,0.0072471,0.022996
-0.0011591,-0.0030796,0.0030697,-0.0081293,0.0050715,0.018342
-0.0011357,-0.0030569,0.0032369,-0.0083936,0.0055386,0.018889
-0.00083664,-0.0037067,0.0042247,-0.0079755,0.0069973,0.019358
-0.0010821,-0.0040386,0.0045094,-0.0073596,0.0059076,0.01769
-0.0015738,-0.004608,0.0047426,-0.0058347,0.0033445,0.014034
-0.0015761,-0.0045622,0.0047428,-0.0044505,0.0017587,0.010782
-0.0015324,-0.0048161,0.0049545,-0.0020378,-0.00055022,0.0049425
-0.0014304,-0.00474,0.0048382,-0.00078726,-0.00088611,0.0045588
-0.00118,-0.0049755,0.0048489,0.0014417,-0.0016532,0.0039834
-0.0011231,-0.0049108,0.0048172,-0.00070882,-0.0011566,0.0058995
-0.00094781,-0.0053287,0.0050751,-0.0053098,-0.0007744,0.010576
-0.0011552,-0.0050998,0.0048483,-0.0054721,-0.001003,0.010468
-0.0014872,-0.0052469,0.0048425,-0.0065969,-0.0012685,0.011482
-0.0015458,-0.0051932,0.0048335,-0.006551,-0.001171,0.012046
-0.0014505,-0.0054547,0.0050335,-0.0070538,-0.00031687,0.01456
-0.0015618,-0.0054332,0.0050723,-0.0069971,-0.00055768,0.014604
-0.00097619,-0.0053436,0.0054325,-0.0069551,0.00041867,0.015937
-0.0011254,-0.0054974,0.0056629,-0.0071421,0.00017113,0.016533
-0.00043094,-0.0049171,0.0053431,-0.0063229,-0.0030744,0.013428
-0.0005398,-0.0050866,0.0054056,-0.0046176,-0.0066003,0.01245
-0.00063472,-0.0051675,0.0052971,-0.0014041,-0.012292,0.010062
-0.0007113,-0.0049973,0.0050058,-0.0024217,-0.014078,0.0089945
-0.00076985,-0.0054796,0.005048,-0.0052089,-0.019269,0.0088746
-0.00053538,-0.0048522,0.0046846,-0.0027649,-0.016299,0.0065394
-3.8742e-05,-0.0048767,0.0046408,0.00057366,-0.012917,0.0047968
0.0001,-0.0046963,0.0045904,0.00033048,-0.010416,0.0043367
0.00043491,-0.0050924,0.0048371,-0.00073371,-0.0062525,0.0050264
0.00026976,-0.0051737,0.0045355,-0.0010588,-0.0057834,0.0054195
6.1152e-06,-0.0060761,0.0041703,-0.0021886,-0.0055727,0.007242
-2.643e-05,-0.0030455,0.0021143,-0.001038,-0.0028413,0.0036667
-0.00011114,-0.0059533,0.0037814,-0.0024623,-0.0058188,0.0074305
-0.00020476,-0.0066265,0.0030752,-0.0041542,-0.0071771,0.0089794
-0.00026028,-0.0065263,0.0030833,-0.0038507,-0.007285,0.0090256
2.0258e-06,-0.0035085,0.0015074,-0.0016721,-0.0041118,0.0056917
0.00031459,-0.007204,0.0028131,-0.002549,-0.0088782,0.01345
0.00030844,-0.0072145,0.0029188,-0.002104,-0.0092188,0.013905
2.1411e-05,-0.0030874,0.00095146,-0.00080055,-0.0032774,0.0056302
-3.7318e-05,-0.003677,0.00096921,-0.00084181,-0.0035496,0.0065529
-7.6326e-05,-0.0069549,0.0018762,-0.0012321,-0.0068662,0.012659
0.00019887,-0.0071497,0.0021096,-0.0018768,-0.0053004,0.015008
0.00075759,-0.0071507,0.0023837,-0.0033814,-0.0016757,0.018413
0.00039996,-0.0035506,0.0012075,-0.0014344,-0.00080836,0.0093071
0.00057052,-0.0068748,0.0022264,-0.0034387,-0.0016836,0.016248
0.00013746,-0.0072054,0.0020768,-0.0051794,-0.0021413,0.01352
6.1764e-05,-0.0035875,0.0010444,-0.0024026,-0.0011051,0.0068479
0.00011841,-0.0065777,0.0020603,-0.004064,-0.0017746,0.011926
0.00010715,-0.0062132,0.0022203,-0.0034562,-0.0011651,0.0098813
3.8783e-05,-0.0031169,0.0011273,-0.0016223,-0.00062497,0.0050571
-6.389e-05,-0.0055816,0.0021419,-0.0028005,-0.0014526,0.0095237
-0.00035977,-0.0049596,0.0021846,-0.0024806,-0.0020388,0.0093961
-0.00037282,-0.0045588,0.0018296,-0.0018343,-0.0020243,0.0082748
-0.00040061,-0.0043699,0.0011322,-0.0011648,-0.002151,0.0063566
-0.00034612,-0.0044896,0.00098935,-0.00061435,-0.0020905,0.0074371
-0.00012239,-0.0052805,0.00061057,0.00056719,-0.001874,0.011007
-0.00010431,-0.0051791,0.00057484,0.00090997,-0.001813,0.010947
0.00033878,-0.0031853,0.00094605,-0.00095505,0.00027456,0.0083376
0.00066044,-0.0060205,0.0017592,-0.001476,0.00057488,0.015934
0.00049304,-0.0059311,0.0014435,-0.0021377,-0.00049363,0.016593
0.00017629,-0.0055288,0.00082884,-0.0037569,-0.0024567,0.017059
0.00024771,-0.0054045,0.00035986,-0.0032394,-0.0022079,0.01529
0.0001242,-0.0044779,-0.00028679,-0.0026373,-0.0020404,0.010118
-0.0003238,-0.0040728,-8.992e-06,-0.0019947,-0.0025633,0.0094601
-0.00035434,-0.0036752,1.2598e-05,-0.0016388,-0.0024055,0.0086497
-0.00013161,-0.0035733,-6.4205e-05,-0.0025552,-0.0010364,0.0051123
3.4277e-05,-0.0038423,-5.5585e-05,-0.0021394,-0.00076878,0.0049523
0.00044743,-0.0043635,-1.9836e-06,-0.0011776,-6.3882e-05,0.0043512
0.00039841,-0.0041388,-3.6861e-05,-0.0011752,-0.0012774,0.0047024
0.00056902,-0.0042317,-2.7337e-05,-0.0016112,-0.0042744,0.0060662
0.00052586,-0.0041369,-8.4141e-05,-0.0014334,-0.0043549,0.0060697
0.00083594,-0.0039891,-0.0012898,0.0010951,-0.0071072,0.0078624
0.00033775,-0.0042877,-0.00034836,0.00045802,-0.0076113,0.011312
-0.00058944,-0.0046463,0.0013893,-0.00079003,-0.0080108,0.016709
-0.00017796,-0.0040326,0.00055003,-0.000899,-0.0066399,0.014846
0.00032721,-0.0037713,-0.0010493,-0.0021232,-0.0052591,0.012267
0.00018665,-0.0032827,-9.6998e-05,-0.0016972,-0.0044827,0.011758
-0.00028626,-0.0031043,0.0014072,-0.001731,-0.0042549,0.011603
4.0895e-05,0.003218,0.0014264,-0.0012568,0.00038588,-0.00080992
-1.8517e-05,0.0033241,0.0014342,-0.0012243,0.00038491,-0.00068104
-6.4638e-05,0.0036964,-0.001121,0.0018264,-0.00023066,-0.0065574
0.002631,-0.00027555,-0.0027606,-0.021767,-0.0024731,0.021379
0.0026658,-0.0002396,-0.002803,-0.021135,-0.0026523,0.020757
0.0022772,-0.0003192,-0.002437,-0.025037,4.702e-05,0.025442
0.0026142,-0.00044674,-0.0028403,-0.0354,0.001705,0.036483
0.0026063,-0.00041275,-0.002845,-0.036119,0.0014263,0.037264
0.0024612,-0.0003596,-0.0026987,6.2484,0.0010867,0.035914
0.0025765,-0.00034475,-0.0028375,-0.036985,0.00085779,0.038243
0.0022642,-0.00031023,-0.0022918,-0.035156,0.0021578,0.035901
0.0022804,-0.00032836,-0.0021328,-0.039214,0.0034505,0.039608
0.0021472,-0.00029821,-0.0020296,-0.038771,0.0030157,0.039161
0.0022357,-0.00029896,-0.002136,-0.042277,0.0028765,0.042706
0.0022304,-0.00028627,-0.0021546,-0.044094,0.0025773,0.044543
0.0022784,-0.00022974,-0.0021347,-0.05088,0.0033803,0.051151
0.0021306,-0.0001626,-0.0019432,-0.054343,0.0037732,0.054416
0.0022839,-0.00016909,-0.0021185,-0.062141,0.0035944,0.06223
0.0022292,-0.00015962,-0.0021051,-0.06451,0.0029957,0.064608
0.0021887,-0.00015129,-0.0021048,-0.066915,0.0023839,0.067022
0.0021196,8.0619e-05,-0.0018791,-0.067391,0.0014067,0.067199
0.0020423,0.00035533,-0.0016051,-0.066535,0.0003494,0.065979
0.0022522,0.00040504,-0.0018004,-0.074938,-0.00027657,0.074314
0.0021978,0.00040939,-0.0017898,-0.074169,-0.00097852,0.073545
0.0020312,0.00039158,-0.0016851,-0.068954,-0.001557,0.068363
0.0016392,6.8499e-05,-0.0016165,-0.066469,-0.0023981,0.065276
0.0017467,-0.00015272,-0.0019578,-0.078681,-0.0040168,0.076784
0.0016905,-0.00016213,-0.0019343,-0.074436,-0.004738,0.072559
0.0015469,-0.00016201,-0.0018068,-0.066303,-0.0050774,0.064545
0.001571,-0.00017934,-0.0018742,-0.065346,-0.0058907,0.063515
0.0013763,-0.00015956,-0.0015672,-0.046566,-0.0061693,0.044452
0.0016458,-0.00020089,-0.0018156,-0.046579,-0.0081552,0.043705
0.0015298,-0.00020236,-0.0016982,-0.041079,-0.0079324,0.038399
0.0015655,-0.00022391,-0.0017479,-0.04002,-0.0084584,0.037267
0.0015354,-0.00023746,-0.0017241,-0.037454,-0.0086244,0.034741
0.0014266,-0.00021088,-0.0014472,-0.021557,-0.0081993,0.019234
0.0020364,-0.00049104,-0.003027,-0.0058033,-0.010849,0.0042987
0.0012474,-0.00086685,-0.0035041,-0.0076728,-0.0076923,0.0073798
0.0012113,-0.00083024,-0.0034405,-0.0073298,-0.0076716,0.0072323
0.0011355,-0.00076815,-0.003259,-0.006759,-0.0073771,0.0068448
0.0011776,-0.0007865,-0.0034145,-0.0068911,-0.0078456,0.0071717
0.001203,-6.6121e-05,-0.00421,-0.0050262,-0.0043698,0.0036466
0.0011082,-5.268e-05,-0.0040057,-0.0047631,-0.0042623,0.003655
0.0011275,-4.5367e-05,-0.0042139,-0.0049842,-0.0045949,0.0040378
0.0010767,-3.5467e-05,-0.0041689,-0.0048979,-0.0046591,0.0041876
0.00066303,-0.00025767,-0.0031679,-0.0063074,-0.0051475,0.005149
0.0005967,-0.00047418,-0.0035164,-0.0090489,-0.0071092,0.0072743
0.00053716,-0.00043971,-0.0033191,-0.0084132,-0.0068118,0.0068655
0.00053679,-0.0004542,-0.0034861,-0.0087043,-0.0072621,0.0072145
0.00050385,-0.00044278,-0.0034529,-0.0084894,-0.0073031,0.0071541
7.9648e-06,-0.00076766,-0.0030788,-0.011253,-0.0084033,0.0087907
-2.2405e-05,-0.00076648,-0.0030795,-0.011096,-0.0084969,0.008689
-5.2198e-05,-0.00075546,-0.0030396,-0.010801,-0.0084775,0.0084801
0.0027071,0.00084731,-0.0030036,0.0019645,-0.013033,-0.014255
0.0031493,0.00013599,-0.0025264,-0.003545,-0.013156,-0.0097351
0.0032095,5.4921e-06,-0.0024348,-0.0048653,-0.013121,-0.0083661
0.0031519,-7.4977e-05,-0.0019354,-0.0066452,-0.012185,-0.0068174
0.0016419,0.00027519,-0.0036773,-0.0059615,-0.016966,-0.011679
0.0013963,0.00025103,-0.0040091,-0.0051377,-0.017908,-0.012454
0.0012109,0.00016011,-0.0040807,-0.0046456,-0.018697,-0.012348
0.0008148,-2.1044e-05,-0.0042459,-0.0008668,-0.020856,-0.013591
0.0006369,-0.00012606,-0.0042641,-0.0018947,-0.021193,-0.012714
0.00056448,-7.7057e-05,-0.0047933,0.00069311,-0.025278,-0.011348
0.00039131,-0.00020384,-0.0048864,0.00021879,-0.026266,-0.010093
0.00075498,-0.00015573,-0.0030514,0.0012119,-0.021879,-0.006863
0.00073207,-0.00029652,-0.00358,0.0012236,-0.024127,-0.0064142
0.00071741,-0.00028082,-0.0043418,0.0029688,-0.02389,-0.0052746
0.00063269,-0.00045791,-0.0042934,0.0022651,-0.023735,-0.0043353
0.00033992,-0.0001157,-0.0029737,-0.0044113,-0.020086,-0.0033254
-0.0026968,0.000429,-0.0032171,-0.0062924,-0.013087,-0.0031398
-0.0026928,0.00041229,-0.0031558,-0.0062854,-0.01297,-0.0030827
-0.0026202,0.00065286,-0.0056461,-0.0032107,-0.017862,-0.0098196
-0.0026782,0.00069554,-0.0060594,-0.0029204,-0.018685,-0.011109
-0.0020357,0.00027258,-0.0057836,-0.0017048,-0.015374,-0.0093306
-0.00069173,-0.0005077,-0.0052729,0.001064,-0.0087805,-0.0058563
-0.00069412,-6.2211e-05,-0.0055094,0.00076802,-0.0074115,-0.0054317
-0.00065819,0.00079482,-0.0059541,0.00033606,-0.0049457,-0.0045304
-0.00069462,0.00084062,-0.0059355,0.00030554,-0.004847,-0.0045905
-0.00051814,0.00059538,-0.0047455,-0.00098126,-0.00033343,0.0033629
-0.0005112,0.00054557,-0.0044267,-0.0012841,0.0007501,0.0054839
-0.00065476,0.00090677,-0.0044002,-0.0013497,0.00048756,0.0076298
-0.0010368,0.0018745,-0.0043961,-0.0015269,-0.00014603,0.013711
-0.0011653,0.0018543,-0.004258,-0.0013353,-0.00030424,0.013698
-0.0010575,0.0018383,-0.0038239,0.00013084,0.0016106,0.014225
-0.0011026,0.0018048,-0.0035539,0.00068278,0.0021108,0.014297
-0.0010626,0.0017117,-0.0033814,0.00066633,0.0021148,0.012708
0.0003198,0.0014139,-0.0033712,0.0007563,0.0013387,-0.0023374
0.00059427,0.00064495,-0.003089,-0.00035642,0.0001146,-0.0013732
0.00072069,0.00057128,-0.0034396,-0.00065262,-0.00013094,-0.0013531
0.0019326,-9.5662e-05,-0.0035749,0.0013698,-0.00050013,-0.00046037
0.0021552,-0.00019055,-0.0036341,0.001751,-0.00054219,-0.00033369
0.0030525,-0.00097113,-0.0023766,-0.00026972,0.00054372,0.00047783
-0.00034509,-0.0012562,0.0031718,0.0061356,0.0011885,0.01018
-0.0003602,-0.001263,0.0038101,0.0084854,0.0036769,0.012055
-0.00043689,-0.0012738,0.0050744,0.013008,0.0084082,0.015775
-0.00052227,-0.0012027,0.005088,0.012922,0.0084314,0.015656
-0.0013384,-0.0016438,0.0052412,0.017974,0.011605,0.01436
-0.0016084,-0.0016605,0.0052616,0.018733,0.012022,0.014138
-0.0012427,-0.0017376,0.0054644,0.017809,0.013799,0.011075
-0.00041413,-0.0018555,0.0054343,0.014938,0.016044,0.0051037
-0.00018365,-0.0022993,0.0057191,0.015034,0.018059,0.0043183
0.0011275,-0.0033858,0.0049738,0.011045,0.020642,-0.00096959
0.0010746,-0.0034725,0.0050566,0.011071,0.020724,-0.00042302
0.00030367,-0.0040322,0.0052096,0.0088013,0.012887,0.0023053
0.00026206,-0.0044252,0.0058822,0.0084959,0.012986,0.003804
6.9094e-05,-0.004156,0.0061727,0.0018728,0.0060336,0.0088911
2.3469e-05,-0.0041217,0.0062738,0.0018449,0.006127,0.0089433
0.00015,-0.0018461,0.0031998,0.00066701,0.0018608,0.0055523
0.00066844,-0.0030888,0.0064142,0.0006319,0.00066151,0.013544
0.00064701,-0.0030372,0.0065416,0.00051499,0.00079255,0.01359
0.00033292,-0.0043499,0.0067213,-0.0014908,-0.00092919,0.012827
0.00022468,-0.0050346,0.0075817,-0.0022401,-0.0014622,0.014189
0.00069149,-0.0024981,0.0032747,-0.00041112,0.0037623,0.0051614
0.0012917,-0.0048993,0.0065129,-0.00090325,0.0073564,0.010248
0.00083338,-0.0049899,0.0061698,-0.00094824,0.0087385,0.0092014
0.00010829,-0.0051729,0.0054915,-0.00090384,0.01113,0.0073623
8.8099e-06,-0.0051495,0.0055313,-0.00098289,0.010995,0.0075289
0.00034274,-0.0054775,0.0057483,-0.0017109,0.010325,0.0097789
0.00033096,-0.0055157,0.0058438,-0.0019121,0.010099,0.010322
0.00021991,-0.0052,0.0057986,-0.0022932,0.01004,0.010591
6.3334e-05,-0.0045497,0.0056474,-0.0031089,0.010003,0.011062
-3.8153e-05,-0.0047226,0.0058802,-0.003817,0.0096388,0.013482
-0.00018329,-0.0050633,0.0062603,-0.0053788,0.0086382,0.018925
-0.00027281,-0.0050251,0.0063507,-0.0056226,0.0084883,0.019036
0.00012743,-0.0044363,0.0065902,-0.0048413,0.012146,0.018705
0.00015261,-0.0042667,0.0067459,-0.0049511,0.013087,0.01888
2.8017e-05,-0.0020863,0.0033418,-0.0025842,0.0063263,0.0093609
1.9368e-05,-0.0018977,0.0032532,-0.0022413,0.0062672,0.0076213
3.9773e-05,-0.0027804,0.0053382,-0.0028381,0.010693,0.008616
-2.243e-05,-0.0030554,0.0059328,-0.0032734,0.011715,0.0097011
-0.00029397,-0.0020695,0.0030263,-0.0017904,0.0045034,0.0036589
-0.00062526,-0.0040252,0.0059642,-0.0034873,0.0087923,0.0072742
-0.00047612,-0.00387,0.0061771,-0.0028046,0.0086264,0.0062996
-0.00012351,-0.0035651,0.0065137,-0.0013953,0.0083068,0.0041907
-0.00019172,-0.0034864,0.006543,-0.0012308,0.008259,0.0042554
-0.00046979,-0.0036924,0.0064595,-0.0030124,0.0081645,0.0048922
-0.00057285,-0.0036623,0.0064725,-0.0031712,0.0080996,0.0050599
-0.0004947,-0.0034055,0.0067957,-0.0037393,0.0088253,0.0071591
-0.00028358,-0.003013,0.0074522,-0.0051342,0.01034,0.011237
-0.00035652,-0.0029426,0.007472,-0.0051962,0.010235,0.011349
-0.00044208,-0.0028654,0.0073784,-0.0078651,0.0090153,0.01797
-0.00054664,-0.0028208,0.0074198,-0.0088694,0.0085847,0.019877
-0.00061844,-0.0028198,0.0072384,-0.0092439,0.0077389,0.019065
-0.00060809,-0.0029045,0.0066669,-0.0096123,0.0058003,0.016598
-0.0006711,-0.0028528,0.0067223,-0.0097691,0.0057037,0.0167
-6.628e-05,-0.0037085,0.006225,-0.010632,0.0044468,0.01227
0.00011638,-0.0039613,0.0061157,-0.010895,0.003978,0.01084
0.00016234,-0.0039979,0.0061198,-0.010346,0.004363,0.0098115
0.00040926,-0.0044202,0.0061397,-0.0086917,0.0060923,0.0061808
0.0003179,-0.0043027,0.006129,-0.0084808,0.0059472,0.0061549
-7.219e-05,-0.0052247,0.0057176,-0.0086078,0.0076342,0.0083174
-0.00024481,-0.0048166,0.0051503,-0.0076954,0.0071323,0.008013
-0.00029733,-0.0051173,0.0058688,-0.0093581,0.0083945,0.0097074
-0.00036874,-0.0050194,0.0059837,-0.0096468,0.008551,0.010128
-0.00022461,-0.0024922,0.0030261,-0.004817,0.0042659,0.0051425
-0.0001532,-0.0045697,0.0060301,-0.012489,0.011187,0.012736
-0.00017733,-0.0044752,0.0061134,-0.013189,0.011598,0.013502
-3.4124e-05,-0.0045454,0.0059297,-0.013464,0.011573,0.013979
0.00037206,-0.0048652,0.0056008,-0.014248,0.011944,0.015003
0.00028085,-0.0047999,0.0056433,-0.014381,0.011748,0.015266
2.091e-05,-0.0053156,0.004571,-0.0084562,0.0052874,0.012253
-8.1576e-05,-0.0053531,0.0042329,-0.0066703,0.0035333,0.011272
-0.00019024,-0.0049526,0.0038499,-0.0054527,0.0025927,0.0090359
-0.00044695,-0.0034907,0.0023828,-0.0017172,-0.0003546,0.0019056
-0.0003829,-0.0036599,0.0024994,-0.0015113,0.00010233,0.0018463
-0.00034495,-0.0035226,0.0023981,-0.0012312,0.00037553,0.0016446
-0.00014656,-0.0031678,0.0018451,-0.00036189,0.0010136,-0.0010211
-0.00018344,-0.0030605,0.001689,-0.00012259,0.0010526,-0.0016107
-0.0023076,-0.0031576,-0.00070192,-0.01394,0.004579,0.012431
-0.0022562,-0.0031265,-0.00089058,-0.014698,0.0033993,0.013889
-0.00060207,-0.0023444,-0.00079491,-0.017246,-0.0062183,0.021547
-0.00090663,-0.0028607,-0.00078175,-0.020507,-0.0086802,0.025776
-0.00089905,-0.0041313,0.00026293,-0.019686,-0.01594,0.025351
-0.0008132,-0.0043838,0.0007519,-0.018711,-0.017562,0.024973
0.00033161,-0.003393,0.000219,-0.0083589,-0.013307,0.0097799
0.0005223,-0.0035599,0.00018523,-0.0082692,-0.013661,0.010016
0.00073208,-0.0033187,-0.00034364,-0.0049966,-0.009229,0.006063
0.0008084,-0.0032185,-0.00038853,-0.0048557,-0.0091184,0.0060457
-0.00028535,-0.0037175,-0.00096372,-0.0077397,-0.0071054,0.010142
-0.00041958,-0.0039736,-0.0012514,-0.0095788,-0.0064796,0.011083
-0.0008581,-0.0037821,-0.0017474,-0.013099,-0.003105,0.011165
-0.00090007,-0.0037621,-0.0017369,-0.013004,-0.0032502,0.011135
-0.0011705,-0.003218,-0.0027998,-0.011552,-0.0052537,0.0021363
-0.00099461,-0.0031062,-0.003139,-0.010545,-0.0063964,0.001096
-0.00073827,-0.0029572,-0.0036392,-0.0089823,-0.0085691,-0.00046632
-0.00079802,-0.0029643,-0.0035826,-0.0092415,-0.0084862,-0.00016679
-0.0014314,0.00048062,0.0031541,-0.00064523,-0.0012532,0.0024668
-0.0016568,0.00096277,0.0040328,-0.0014334,-0.0011226,0.0027595
-0.0021176,0.0019274,0.005765,-0.002995,-0.00084724,0.0033442
-0.0021152,0.0019675,0.0056584,-0.0029819,-0.00078845,0.0032692
-0.0013912,0.0037829,0.0036274,0.00023886,-0.0019582,-0.0039248
-0.0012961,0.0041888,0.0031951,0.00075635,-0.0020739,-0.005312
-0.0010453,0.0045129,0.0032338,0.0016346,-0.0010355,-0.0067494
-0.00053556,0.0049441,0.0032774,0.0032943,0.00082551,-0.0092149
-0.00061896,0.0049047,0.0041343,0.0040409,0.0020466,-0.00905
-0.00072698,0.004706,0.005765,0.0056034,0.0042591,-0.0085736
-0.00025966,0.0039614,0.0051926,0.0045471,0.0012066,-0.0065402
-0.00020505,0.0038654,0.0051045,0.0043072,0.0004302,-0.0061729
-0.00023117,0.0035414,0.0054439,0.0020762,-0.0016738,-0.0036435
-0.00020632,0.0027973,0.0064946,-0.0033268,-0.0065363,0.0024687
-0.00027754,0.0028227,0.0064362,-0.0035768,-0.0066495,0.002624
0.00032175,0.0029406,0.0059464,-0.00046268,-0.0056306,-0.00069448
0.00046803,0.0030169,0.0057038,0.00046973,-0.0055958,-0.0017296
0.00043262,0.0029325,0.0054524,0.00057564,-0.0057498,-0.0018878
0.00053085,0.0024605,0.0046683,0.0016579,-0.0052239,-0.0029644
0.00044123,0.0025407,0.0046146,0.0014365,-0.0057371,-0.0027872
-6.9845e-05,0.0019025,0.0041053,0.0009544,-0.0062426,-0.00060347
-0.00020447,0.0018249,0.0040094,0.00070342,-0.0065726,-6.5377e-05
