-0.071619,-1.7957e-07,0.0456,-8.8762e-13,4.3488e-47,-0.017325,4.404e-47
-0.61609,-6.3056e-47,0.43243,0.0087743,0.020152,-0.084663,0.010204
-0.58674,-0.010044,0.56489,0.021892,0.03565,-0.044014,0.025866
-0.68038,-0.20482,0.64358,0.097365,0.12186,0.16177,0.066263
-0.66189,-0.22098,0.57351,0.091333,0.056033,0.25127,0.11855
-0.76973,-0.33698,0.61249,-0.0087766,-0.010076,0.21274,0.29452
-0.72092,-0.46642,0.6576,-0.14375,-0.080839,0.28933,0.48883
-0.63405,-0.67699,0.72746,-0.2694,-0.13662,0.38421,0.54185
-0.42114,-0.67682,0.80339,-0.29113,-0.102,0.52404,0.54564
-0.32673,-0.81981,0.64944,-0.32205,-0.085881,0.59609,0.60385
-0.22303,-0.82394,0.60621,-0.27675,-0.040097,0.58093,0.44405
-0.094599,-0.80747,0.46122,-0.23576,-0.040256,0.57272,0.53201
0.30731,-0.62026,-0.14655,-0.21122,-0.15224,0.25639,0.49418
0.41627,-0.49959,-0.70217,-0.2412,-0.28982,0.0091353,0.40688
0.27987,-0.5166,-0.70108,-0.23996,-0.38041,3.9358e-47,0.47042
0.34787,-0.6193,-0.67754,-0.17831,-0.36208,0.030561,0.43273
0.087314,-0.72895,-0.38187,-0.14739,-0.32672,0.3021,0.52022
0.071474,-0.79783,-0.31239,-0.069642,-0.26423,0.30081,0.43641
0.080426,-0.74269,-0.29876,-0.047126,-0.25382,0.31796,0.46451
-0.009904,-0.64158,-0.30329,-8.8163e-07,-0.25052,0.17961,0.31792
-0.068122,-0.60671,-0.20527,-5.5098e-47,-0.29504,0.086216,0.1736
-0.12812,-0.45868,-0.24477,0.0087039,-0.314,0.10347,0.18236
-0.19251,-0.4739,-0.25121,0.060619,-0.37533,0.063349,0.11183
-0.22077,-0.42976,-0.33395,0.10252,-0.42991,0.05844,0.091024
-0.19701,-0.49765,-0.30296,0.1336,-0.48641,0.03659,0.046651
-0.18906,-0.4731,-0.31192,0.15624,-0.45286,0.035135,0.038726
-0.19533,-0.5029,-0.29839,0.20659,-0.38681,0.030561,0.015794
-0.17111,-0.45914,-0.30504,0.24666,-0.42746,0.014114,0.020257
-0.14268,-0.48721,-0.29027,0.29681,-0.37042,0.017483,0.025997
-0.10171,-0.46697,-0.31651,0.2985,-0.36132,0.024911,0.027873
-0.075124,-0.47297,-0.28553,0.31807,-0.31147,0.025981,0.031068
-0.044371,-0.44253,-0.23412,0.28516,-0.23104,0.019665,0.030336
-0.009904,-0.43575,-0.19229,0.32559,-0.19875,0.02491,0.024976
-3.1479e-07,-0.34009,-0.13028,0.26384,-0.14515,0.009358,0.018905
-0.014237,-0.28037,-0.1418,0.18719,-0.15192,0.018105,0.030136
-0.034463,-0.2775,-0.11153,0.15585,-0.12642,3.9358e-47,0.033753
-0.064144,-0.2192,-0.1482,0.063475,-0.12198,3.9358e-47,0.050476
-0.1045,-0.13228,-0.093469,0.013585,-0.072503,2.9049e-09,0.044013
-0.099866,-0.071577,-0.10019,-0.0087766,-0.10765,3.9358e-47,0.060248
-0.098101,-0.049822,-0.097662,-0.052471,-0.14293,3.9358e-47,0.06944
-0.12414,-0.03997,-0.097954,-0.062252,-0.13831,3.9358e-47,0.069076
-0.12023,-0.061225,-0.096714,-0.048083,-0.17251,3.9358e-47,0.054239
-0.12875,-0.088705,-0.13411,-0.031137,-0.13158,3.9358e-47,0.048295
-0.11449,-0.12315,-0.13411,-0.025584,-0.15332,3.9358e-47,0.079327
-0.14444,-0.15106,-0.14316,-0.0087766,-0.18072,3.9358e-47,0.061319
-0.13559,-0.1264,-0.14274,-5.5098e-47,-0.15827,3.9358e-47,0.049479
-0.11576,-0.15106,-0.13978,0.024034,-0.20891,3.9358e-47,0.060273
-0.10026,-0.18577,-0.14802,0.043276,-0.17616,3.9358e-47,0.058694
-0.074474,-0.18677,-0.12436,0.06907,-0.11912,3.9358e-47,0.044381
-0.044513,-0.14895,-0.093715,0.14433,-0.13224,0.053205,0.03117
-1.7968e-20,-0.19822,-0.066587,0.18518,-0.086011,0.044493,0.010204
0.035897,-0.21331,-0.011436,0.25927,-0.020004,0.051987,4.404e-47
0.15545,-0.23838,0.025641,0.26659,0.046245,-0.0091191,-0.057501
0.22382,-0.20134,0.16718,0.37563,0.1786,-3.9358e-47,-0.096968
0.31456,-1.0114e-08,0.43786,0.34797,0.62748,-0.16349,-0.3465
0.2241,0.27149,0.64417,0.22539,0.80387,-0.41081,-0.53405
0.42847,0.73381,0.28873,0.077017,1,-0.79927,-0.30689
0.41176,0.92699,0.17335,0.023144,0.78902,-0.96804,-0.36425
0.5087,0.9827,-0.024783,0.17101,0.8784,-1,-0.35994
0.29396,0.38395,0.13728,0.36806,0.63624,-0.16222,-0.32652
0.33897,-0.16451,-0.15186,0.434,0.31542,0.13362,-1.8786e-28
0.44828,-0.21063,-0.38164,0.42977,0.35281,0.10736,0.027891
0.11145,0.018611,-0.066104,0.41708,0.34817,-0.021048,-0.21585
-0.21252,0.26318,0.21267,0.32833,0.35313,-0.20043,-0.69713
-0.46455,0.49396,0.41529,0.32294,0.38251,-0.36956,-0.82036
-0.42787,0.51962,0.44575,0.3288,0.38153,-0.29232,-0.79809
-0.26269,0.40699,0.32902,0.5215,0.48164,-0.069864,-0.82947
-0.031476,0.27068,0.15337,0.58584,0.48721,0.16123,-0.6232
0.098456,0.23494,0.015876,0.44206,0.30296,0.27749,-0.48419
0.14085,0.23578,-0.051314,0.28686,0.075498,0.25074,-0.32935
0.032762,0.3517,-8.7857e-13,0.10888,0.038236,0.070615,-0.35725
-0.048669,0.47316,0.077037,0.12359,0.043882,0.032352,-0.34544
-0.10878,0.36145,0.15982,0.19727,0.078674,0.036232,-0.47952
-0.019839,0.26857,0.13031,0.425,0.1329,0.096545,-0.52038
0.17246,0.1025,-0.044265,0.58128,0.1574,0.10871,-0.53346
0.30599,-0.034379,-0.27678,0.68506,0.12585,0.1136,-0.38695
0.25244,-0.10562,-0.31017,0.69574,0.11298,5.1529e-07,-0.42924
0.080744,-0.09889,-0.15374,0.82079,0.123,-0.0091192,-0.55855
3.1465e-30,-0.079418,-0.043249,0.717,0.010061,-0.0091192,-0.51545
-1.0039e-14,-0.093117,-5.4536e-47,0.83011,-0.010076,-0.023229,-0.57026
0.056463,-0.097757,-0.035224,0.57205,-0.010076,0.004147,-0.56573
0.14515,-0.096579,-0.16456,0.57018,8.3014e-05,1.5743e-46,-0.60477
0.14993,-0.04327,-0.13484,0.62655,0.015488,3.9358e-47,-0.50959
0.15806,-0.075908,-0.081291,0.7461,0.046194,3.9358e-47,-0.46782
0.26196,-0.11229,-0.17372,0.79444,4.3488e-47,0.036238,-0.48439
0.30621,-0.21383,-0.15663,0.77504,0.040734,-0.0091191,-0.49462
0.22113,-0.21668,-0.13224,0.62303,-0.010076,-3.9358e-47,-0.34443
0.25166,-0.23246,-0.0087027,0.69593,-0.010076,-0.043219,-0.34494
0.20391,-0.29743,0.11189,0.84378,-0.14401,-0.068516,-0.29731
0.20026,-0.32935,0.18124,0.63008,-0.2508,-0.11441,-0.11414
0.2009,-0.32519,0.084153,0.77264,-0.15414,-0.024988,-0.12355
0.20082,-0.42229,2.732e-21,0.62446,-0.13208,-0.0091192,-0.18188
0.19538,-0.40528,-1.5922e-29,0.67426,-0.16216,-0.038771,-0.21741
0.035256,-0.2653,0.04312,0.13826,-0.28558,-0.13884,-3.3028e-23
0.064029,-0.35206,0.017377,0.20111,-0.31827,-0.063919,-0.020968
-0.009904,-0.19795,0.016096,-0.11007,-0.33132,-0.091208,0.10082
0.10421,-0.39682,-0.038637,0.35378,-0.36205,-0.0091192,-0.051122
0.046862,-0.36688,-0.017779,0.27175,-0.30594,-0.031598,-1.8981e-43
0.046834,-0.30327,-0.074299,0.26597,-0.32339,-0.018238,0.19602
-0.009904,-0.31714,-0.034523,0.071407,-0.29629,-0.054476,0.45211
-0.063109,-0.099904,-2.8023e-21,-0.16657,-0.17455,-0.052241,0.6883
-0.009904,-0.16071,-2.783e-14,-0.026092,-0.17567,-0.034091,0.79107
-0.055623,-0.071263,0.016096,-0.15286,-0.096717,-0.028973,0.78408
1.4522e-05,-0.15384,0.051293,0.17254,-0.053439,-0.026583,0.59228
-0.0098726,-5.6626e-05,0.059866,-0.0072054,-0.010076,-0.018225,0.58149
-0.10401,0.26669,0.14528,-0.56162,0.055184,-0.048765,0.56511
-0.19869,0.52878,0.17972,-0.67121,0.15901,-0.12346,0.23835
-0.15648,0.51311,0.2099,-0.31189,0.34499,-0.19416,-0.17448
0.0055654,0.18978,0.27452,0.4572,0.29492,-0.1353,-0.76071
0.094401,0.087764,0.17452,0.69629,0.38026,-0.046601,-0.78934
0.050459,0.18537,0.16016,0.51701,0.50606,-0.0091192,-0.9017
0.018313,0.26052,0.16953,0.30379,0.24185,-3.9358e-47,-0.66326
0.034463,0.25704,0.066942,0.24249,0.17251,0.040325,-0.52407
0.035814,0.18225,0.02475,0.15099,0.054129,0.05283,-0.3698
0.038464,0.13262,0.020136,0.10258,3.2316e-15,0.046549,-0.26699
0.009904,0.069082,0.019719,0.060364,4.7113e-07,0.018236,-0.17055
0.0054259,0.069356,0.027566,0.048796,-0.010076,0.015356,-0.11144
-0.009904,0.082416,0.036067,-0.0090051,-0.010076,7.5986e-15,-0.044085
-0.071481,0.15271,0.066874,-0.19451,-4.3488e-47,-1.6396e-12,-1.0555e-32
-0.044371,0.07226,0.050817,-0.074219,-4.3488e-47,-3.9358e-47,-0.036075
-0.01466,0.024908,0.02475,-0.0088044,8.4354e-19,-2.9881e-34,-0.078627
-0.009904,1.0226e-22,0.0086871,0.00040906,-3.2279e-14,-3.9358e-47,-0.048919
-0.009904,6.3056e-47,5.4536e-47,5.5098e-47,-4.3488e-47,-0.0091192,-0.010204
-0.009904,6.3056e-47,5.4536e-47,5.5098e-47,-4.3488e-47,-3.9358e-47,-0.010204
-0.009904,6.3056e-47,5.4536e-47,5.5098e-47,-4.3488e-47,-3.9358e-47,-0.010204
-3.1408e-05,6.3056e-47,5.4536e-47,5.5098e-47,-4.3488e-47,-3.9358e-47,-0.010204
-0.0099022,6.3056e-47,5.4536e-47,5.5098e-47,-4.3488e-47,-3.9358e-47,-0.010204
-0.0017627,6.3056e-47,5.4536e-47,5.5098e-47,-4.3488e-47,-3.9358e-47,-0.010204
-6.2175e-47,6.3056e-47,-5.4536e-47,-5.5098e-47,4.3488e-47,-0.0091192,4.404e-47
-6.2175e-47,6.3056e-47,-5.4536e-47,-5.5098e-47,4.3488e-47,-0.0091192,4.404e-47
-6.2175e-47,6.3056e-47,-5.4536e-47,-5.5098e-47,4.3488e-47,-0.0091192,4.404e-47
-6.2175e-47,6.3056e-47,-5.4536e-47,-5.5098e-47,4.3488e-47,-0.0091192,4.404e-47
-0.26006,-3.2727e-29,0.20466,-5.5098e-47,4.3488e-47,-0.0601,4.404e-47
-0.59401,-0.063259,0.4402,0.02254,0.07576,0.009114,0.047119
-0.61217,-0.34314,0.68474,0.082608,0.10056,0.35832,0.16264
-0.45901,-0.56373,0.80247,0.095787,0.067177,0.56379,0.27228
-0.26909,-0.65527,0.59191,0.042886,0.056508,0.72169,0.36362
-0.17635,-0.90974,0.45337,0.0064962,0.010073,0.69744,0.38298
-0.44723,-0.81248,0.51064,-0.034876,-0.010076,0.49652,0.47917
-0.67676,-0.38885,0.38754,-0.19301,-0.12526,-0.017459,0.31036
-0.85353,-0.038047,0.26047,-0.27409,-0.1717,-0.38276,0.18575
-0.76685,0.081588,0.23452,-0.27733,-0.2321,-0.54855,0.13041
-0.87724,-0.27945,0.3891,-0.39723,-0.3253,-0.096563,0.34977
-0.34853,-0.8317,0.4425,-0.37838,-0.30596,0.25991,0.52357
-0.12438,-0.89982,0.26909,-0.27106,-0.17348,0.4789,0.46258
-6.2175e-47,-0.81516,0.22579,-0.2384,-0.13688,0.47961,0.50545
0.53045,-0.76734,-0.44395,-0.41282,-0.20374,0.24638,0.63682
-0.029136,-0.45302,-0.19898,-0.25918,-0.36287,-0.030823,0.34166
-0.64704,-0.051213,-0.00027523,-0.096076,-0.44674,-0.57165,-0.046345
-0.61537,0.21297,0.068515,0.026091,-0.17647,-0.61952,-0.35131
-0.80982,0.060116,0.41742,0.14378,-0.046044,-0.56369,-0.45296
-0.35196,-0.65992,0.40033,0.0027771,-0.055792,0.13528,-3.2464e-07
-9.9363e-05,-0.87672,0.17289,-0.050077,-0.092647,0.51722,0.14466
0.43565,-0.74644,-0.31069,-0.063036,-0.1434,0.59004,0.38847
0.60459,-0.85815,-0.40887,-0.03756,-0.13319,0.60542,0.43441
0.78993,-0.70889,-0.47163,-0.043653,-0.14502,0.59751,0.40486
0.59684,-0.91772,-0.53547,-0.017553,-0.16251,0.56446,0.46635
0.14432,-0.66992,-0.50794,0.057479,-0.35209,0.22517,0.12115
-0.16958,-0.52576,-0.45227,0.081219,-0.62113,0.051982,0.036195
-0.16155,-0.51806,-0.4351,0.13798,-0.54474,0.068813,0.066096
-0.20641,-0.55253,-0.47964,0.1829,-0.51981,0.033051,0.01767
-0.1241,-0.46241,-0.44603,0.24639,-0.5954,0.05423,8.8137e-41
-0.035137,-0.5945,-0.37561,0.34474,-0.41167,0.042353,-0.010204
-6.2175e-47,-0.56103,-0.4015,0.4029,-0.3394,0.024972,-0.010204
0.048062,-0.59451,-0.3221,0.43045,-0.30998,0.033751,-0.010204
0.059522,-0.60454,-0.30418,0.43334,-0.28147,0.031628,-1.0423e-21
0.057137,-0.47372,-0.24844,0.44862,-0.25023,0.02712,0.0093583
0.055758,-0.41036,-0.22169,0.31223,-0.18856,0.009114,0.040327
0.043278,-0.32793,-0.16864,0.22504,-0.14276,0.0096164,0.031833
0.027121,-0.20945,-0.12081,0.17269,-0.095954,7.5889e-08,0.021901
0.0098958,-0.27694,-0.15706,0.19695,-0.15754,5.2289e-20,0.033194
-0.054252,-0.29073,-0.23627,0.25207,-0.22221,-0.035722,8.7358e-33
-0.18063,-0.2502,-0.33637,0.40752,-0.44945,-0.23166,-0.010204
0.25749,-0.22959,-0.78437,0.53777,-0.088466,-0.29062,0.41711
0.52084,-0.47214,-0.87238,0.64364,0.047074,-0.12045,0.5713
0.5742,-0.59641,-0.72769,0.87809,0.35003,0.16973,0.53725
0.58164,-0.38945,-0.6268,0.90278,0.42642,0.078489,0.44755
0.5736,-0.10598,-0.67692,0.50492,0.49399,-0.10246,0.2833
0.45267,0.16059,-0.49831,0.38476,0.5434,-0.47462,0.10821
0.33954,0.412,-0.48784,0.26324,0.38989,-0.53843,-0.010204
0.17964,0.46485,-0.33205,0.13706,0.34257,-0.67276,-0.18569
-0.41179,0.4204,0.43161,0.12853,-0.010076,-0.41263,-0.76994
-0.54958,0.41488,0.55964,0.1989,-0.025671,-0.26799,-0.6922
-0.50523,0.14054,0.50358,0.48156,-1.8219e-17,-0.083205,-0.89927
-0.33913,-0.041252,0.49794,0.63844,0.092766,0.1168,-0.73982
0.15269,-0.20505,-0.026033,0.81008,0.29625,0.25026,-0.34542
0.5309,-0.278,-0.33466,0.63447,0.40691,0.13324,-0.07047
0.61581,-0.13951,-0.23027,0.13418,0.39892,0.042921,0.040909
0.29035,0.12181,-0.072517,-0.31776,0.1298,-0.0091192,0.19683
0.038464,0.31758,0.10155,-0.61306,-0.010076,-0.035133,0.19267
-0.17645,0.5672,0.31235,-0.71892,-0.11874,-0.12052,0.16244
-0.41609,0.66548,0.60707,-0.84603,-0.18827,-0.24223,-0.010204
-0.36062,0.79821,0.6207,-0.6124,0.0098964,-0.22919,-0.20616
-0.31298,0.63483,0.64699,-0.23873,0.39881,-0.27744,-0.53868
-0.049651,0.61245,0.41732,0.14386,0.46335,-0.14981,-0.52425
0.1146,0.28208,0.22339,0.43596,0.5432,-9.1397e-10,-0.71799
0.353,0.10917,0.051061,0.55897,0.48679,0.15635,-0.5629
0.44967,-0.020088,-0.15676,0.77137,0.25702,0.28818,-0.3765
0.45332,-0.020639,-0.37889,0.36842,0.087271,0.22697,-0.1319
0.25414,0.17903,-0.26271,0.00015727,-0.025666,0.045399,-0.029745
-0.13672,0.40033,0.016655,-0.20822,-0.19423,-0.018163,-0.16267
-0.38752,0.53075,0.29532,-0.11638,-0.038823,-0.081832,-0.38617
-0.2875,0.36936,0.26551,0.27723,0.12297,-9.2539e-16,-0.57577
0.045035,0.13165,-0.0086,0.60959,0.21918,0.10826,-0.65411
0.36093,-0.028653,-0.3227,0.79477,0.2306,0.17074,-0.4788
0.43651,-0.040438,-0.3821,0.71895,0.28137,0.11971,-0.44243
0.39563,0.028616,-0.5221,0.87451,0.29992,0.03224,-0.54608
0.23653,0.16876,-0.24041,0.69966,0.45257,-0.0091163,-0.73628
0.025229,0.21676,0.024508,0.74638,0.50618,-0.0091192,-0.7191
0.035136,0.15579,2.7705e-10,0.80328,0.30791,0.022974,-0.5035
0.22444,0.057311,-0.20936,0.71048,0.26383,0.051336,-0.4444
0.34534,0.0054711,-0.49914,0.76708,0.28204,0.035722,-0.23372
0.31354,-0.010044,-0.50322,0.42822,0.03665,0.013267,0.020257
0.32561,-0.012739,-0.50243,0.013741,-0.15055,3.9358e-47,0.37477
0.17586,-0.010044,-0.23028,-0.28282,-0.36304,-0.0091192,0.45915
0.059548,-6.3056e-47,-0.042158,-0.22923,-0.32652,-9.4013e-30,0.25023
0.036701,-0.010044,-8.827e-22,0.077741,-0.16192,-0.0091191,-0.010204
1.8029e-23,-0.11805,0.082691,0.53972,-1.8034e-08,-0.0091192,-0.36685
0.003131,-0.18029,0.083048,0.77285,0.068864,-0.0091192,-0.44813
0.017217,-0.23751,0.024202,0.78947,0.1486,-3.9358e-47,-0.40942
0.069842,-0.27036,-0.017374,0.61382,0.13034,-3.9358e-47,-0.3967
0.10458,-0.2946,-0.077629,0.68806,0.07579,-0.0091192,-0.33991
0.11249,-0.40376,-0.12791,0.73675,0.019671,-0.0091192,-0.31471
3.1545e-08,-0.38632,0.017302,0.76005,-0.096321,-0.15072,-0.35578
-0.13619,-0.30617,0.44635,0.64554,-0.46582,-0.34115,-0.29182
-0.17742,-0.35086,0.56515,0.57025,-0.55574,-0.31477,-0.31267
-0.074609,-0.41559,0.46955,0.73448,-0.43935,-0.16911,-0.34704
0.009904,-0.47294,0.36536,0.76772,-0.32058,-0.013364,-0.30646
-0.10497,-0.12244,0.3577,-0.072027,-0.45038,-0.070463,0.11363
-0.1084,-0.090889,0.32876,-0.042081,-0.35395,-0.0876,0.021862
-0.19318,-0.010044,0.31218,-0.24682,-0.23549,-0.17452,0.076414
-0.045038,-0.19429,0.22299,0.22944,-0.21833,-0.099705,-0.05636
-0.16496,0.0098914,0.18104,-0.31031,-0.12781,-0.20807,0.089099
-0.12652,-0.029861,0.13411,-0.12198,-0.098223,-0.22684,0.020967
0.012577,-0.26846,0.028247,0.47544,-0.086112,-0.17286,-0.14552
-0.16556,0.010044,0.044065,-0.27594,-0.031974,-0.20998,0.13172
-0.10822,-0.014688,0.051656,-0.067295,-1.026e-18,-0.25646,-0.010204
-0.027121,-0.092916,0.013442,0.29102,-4.3488e-47,-0.2269,-0.079383
-0.091518,-3.1888e-06,0.10065,0.11069,0.11635,-0.25677,-0.020252
-0.048592,-0.010044,0.20754,0.38511,0.33306,-0.196,-0.34225
-1.0326e-39,-6.3056e-47,0.1118,0.40369,0.28632,-0.077415,-0.38762
-6.2175e-47,6.3056e-47,-0.017374,0.29033,0.14324,-0.030166,-0.20405
0.009904,0.015412,-0.12379,0.027106,-0.010076,-5.2992e-32,-1.0425e-21
-1.0107e-20,0.089099,-0.25858,-0.43114,-0.29124,-0.0091192,0.39764
0.091622,-0.14312,-0.22192,-1.5671e-05,-0.34685,-3.9358e-47,0.21209
0.095558,-0.25281,-0.092108,0.24722,-0.22108,2.481e-37,1.0232e-28
0.020284,-0.19406,0.008559,0.19633,-0.089123,-0.0091192,-0.014922
-0.009904,-0.14122,0.011451,0.18688,-0.091645,-0.014022,-0.056712
-0.087844,-0.056411,0.022309,-0.031921,-0.057506,-0.087614,-3.3435e-34
-0.13377,-0.1086,5.4536e-47,0.063357,-0.078281,-0.087179,-3.2499e-09
-0.23772,0.12484,0.002331,-0.63087,-0.045842,-0.13322,0.31389
-0.18212,0.02987,0.029111,-0.12535,0.0026207,-0.15416,-0.010203
-5.5836e-05,-0.13282,0.0086871,0.3396,0.065894,-0.072917,-0.17514
-6.2175e-47,-0.085248,0.056178,0.23615,0.17129,-0.050681,-0.21158
-0.064048,0.14354,0.058942,-0.1612,0.15522,-0.077996,-5.7586e-05
-0.16336,0.389,0.023789,-0.68177,0.079728,-0.11649,0.17313
-0.19739,0.36662,0.011435,-0.77938,0.029394,-0.13165,0.26809
-0.20979,0.36066,0.020047,-0.66853,0.033027,-0.17073,0.26044
-0.1862,0.51896,0.11362,-0.82956,0.14856,-0.25069,0.075876
-0.056833,0.38595,0.17204,-0.099168,0.34875,-0.21963,-0.42027
0.08475,0.040784,0.11521,0.5234,0.35267,-0.078687,-0.65249
0.20078,-0.10963,0.0091632,0.60579,0.18111,0.025496,-0.59505
0.16272,-0.033671,-0.093598,0.26646,-0.010076,0.05456,-0.086481
-0.089867,0.24609,-0.046447,-0.48233,-0.10228,-0.018238,0.33321
-0.18153,0.40345,-5.4536e-47,-0.73011,-0.077016,-0.086833,0.26028
-0.11096,0.44832,0.037349,-0.84462,-0.098223,0.071663,0.24018
0.028568,0.22242,0.084508,-0.32854,-0.10487,0.26665,0.14156
5.6054e-32,0.22199,0.13985,-0.32836,-0.079088,0.22938,0.14094
-0.055147,0.23988,0.1444,-0.42954,-0.081813,0.068072,0.16701
-0.23636,0.32795,0.19431,-0.62519,-0.035063,-0.053654,0.18619
-0.16287,0.20118,0.17192,-0.40651,-0.039835,-0.0091192,0.11502
-0.087926,0.08921,0.097511,-0.21198,-0.037617,-3.9358e-47,0.068422
-0.019808,0.076183,0.060585,-0.11597,-0.030219,0.032235,0.023552
-0.009904,0.028926,0.030926,-0.04159,-0.020151,0.053676,5.8368e-18
-6.2175e-47,1.793e-29,0.00868,-0.019074,-0.010076,0.0091192,4.404e-47
-6.2175e-47,6.3056e-47,5.4536e-47,-0.0087766,-0.010076,3.1487e-46,4.404e-47
-0.009904,6.3056e-47,5.4536e-47,-0.0087766,-0.010076,3.9358e-47,4.404e-47
-6.2175e-47,6.3056e-47,5.4536e-47,-0.0087766,-0.010076,3.9358e-47,4.404e-47
-6.2175e-47,6.3056e-47,5.4536e-47,-0.0087766,-0.010076,3.9358e-47,4.404e-47
-6.2175e-47,6.3056e-47,5.4536e-47,-0.0087766,-0.010076,3.9358e-47,4.404e-47
-6.2175e-47,6.3056e-47,5.4536e-47,-0.0087766,-0.010076,3.9358e-47,4.404e-47
-1.7928e-18,6.3056e-47,5.4536e-47,-0.0087766,-0.010076,3.9358e-47,4.404e-47
-0.009904,-0.010044,5.4536e-47,-0.0087766,-0.010076,3.9358e-47,4.404e-47
-6.2175e-47,-6.3056e-47,5.4536e-47,-0.0087766,-0.010076,3.9358e-47,4.404e-47
-6.2175e-47,-0.010044,5.4536e-47,-0.0087766,-0.010076,3.9358e-47,4.404e-47
-6.2175e-47,-0.010034,5.4536e-47,-0.0087766,-0.010076,3.9358e-47,4.404e-47
-6.2175e-47,-0.010044,5.4536e-47,-0.0087766,-0.010076,3.9358e-47,4.404e-47
-0.0099037,-6.3056e-47,5.4536e-47,-0.0087766,-0.010076,-0.0088303,4.404e-47
-0.009904,-6.3056e-47,5.4536e-47,-0.0087766,-0.010076,-3.9358e-47,4.404e-47
-0.009904,-6.3056e-47,5.4536e-47,-0.0087766,-0.010076,-2.9583e-26,4.404e-47
-0.009904,-6.3056e-47,-5.4536e-47,5.5098e-47,4.3488e-47,-0.0091192,-4.404e-47
-0.009904,-6.3056e-47,-5.4536e-47,5.5098e-47,4.3488e-47,-0.0091192,-4.404e-47
-0.009904,-6.3056e-47,-5.4536e-47,5.5098e-47,4.3488e-47,-0.0091192,-4.404e-47
-0.009904,-6.3056e-47,-5.4536e-47,5.5098e-47,4.3488e-47,-0.0091192,-4.404e-47
-0.009904,-6.3056e-47,-5.4536e-47,5.5098e-47,4.3488e-47,-0.0091192,-4.404e-47
-0.009904,-6.3056e-47,-5.4536e-47,5.5098e-47,4.3488e-47,-0.0091192,-4.404e-47
-0.18502,-1.0378e-31,0.16074,-0.0087766,1.0541e-42,-0.027596,0.0069752
-0.64822,-0.090556,0.45411,0.027404,0.06738,0.031206,0.050479
-0.71541,-0.30553,0.60934,0.040528,0.031191,0.26383,0.23235
-0.54393,-0.66554,0.65935,0.067234,-0.010076,0.7043,0.34725
-0.31345,-0.72244,0.63011,0.075131,-0.010076,0.64502,0.35566
-0.078021,-0.803,0.40694,0.050355,-1.0517e-40,0.57338,0.30044
-0.00031372,-0.73088,0.34173,-0.0087488,-0.010076,0.7682,0.38055
-6.2175e-47,-0.71774,0.40358,-0.098626,-0.010076,0.61694,0.51475
0.54435,-0.70063,-0.24288,-0.24531,-0.010076,0.35844,0.62121
0.63992,-0.67247,-0.54397,-0.32613,-0.15836,0.14405,0.627
0.42977,-0.48852,-0.73716,-0.2652,-0.25613,-0.0091191,0.55257
0.34682,-0.57832,-0.83032,-0.26867,-0.27051,-0.0091192,0.54248
0.37634,-0.60365,-0.85778,-0.24777,-0.19322,-0.0091192,0.69607
0.50252,-0.55852,-0.71174,-0.23944,-0.17529,-0.0091175,0.69242
0.48979,-0.63891,-0.80355,-0.14297,-0.056605,-0.12009,0.68974
0.51094,-0.65127,-0.64955,-0.16174,-0.059974,-0.081727,0.69052
0.52656,-0.7971,-0.78206,-0.11715,-0.11079,-0.10899,0.56802
0.32356,-0.57081,-0.60709,-0.031115,-0.16869,-0.36647,0.52603
0.24738,-0.48,-0.70565,-2.799e-10,-0.31545,-0.34496,0.42429
0.00017762,-0.54974,-0.5738,0.0038398,-0.37065,-0.18665,0.35791
-0.10765,-0.81392,-0.42685,0.043423,-0.42576,-0.025981,0.4722
0.12684,-0.80508,-0.62874,0.042584,-0.29216,-3.9358e-47,0.69927
0.3076,-0.78865,-0.55368,0.044285,-0.20853,0.10633,0.70058
0.24913,-0.71913,-0.59752,0.068848,-0.19884,0.15334,0.51036
0.15728,-0.73421,-0.55503,0.1799,-0.272,-0.0091192,0.47925
0.09161,-0.53605,-0.68369,0.24559,-0.29478,-0.24802,0.3265
-0.2976,-0.65527,-0.41596,0.31437,-0.40022,-0.026022,0.1907
-0.3171,-0.62939,-0.22041,0.34529,-0.27822,-0.0091192,0.059138
-0.37749,-0.62123,-0.1628,0.551,-0.10681,-9.4225e-32,-0.010204
-0.12711,-0.63072,-0.221,0.73887,0.01005,-3.9358e-47,-3.2541e-10
-0.088067,-0.57907,-0.11105,0.73794,0.04208,-0.0091192,-0.08841
-0.23823,-0.39034,0.065852,0.73821,-0.01007,-0.051123,-0.32538
-0.45774,-0.25701,0.21638,0.6624,-0.14833,-0.02735,-0.47958
-0.43062,-0.24157,0.33995,0.67837,-0.24663,-0.05458,-0.55735
-0.4932,-0.23102,0.34312,0.61248,-0.23244,-0.028937,-0.49415
-0.52929,-0.19635,0.26863,0.46822,-0.30137,-0.034896,-0.42072
-0.3635,-0.076917,0.27957,0.37231,-0.25919,-0.036569,-0.37052
-0.43522,0.057309,0.32589,0.19018,-0.20219,-0.050586,-0.3726
-0.31344,0.056968,0.24721,0.097493,-0.12767,-0.035135,-0.26044
-0.1909,0.029671,0.12589,0.070199,-0.083257,-0.023233,-0.18083
-0.045072,-0.11583,-0.11968,0.20408,-0.10686,-3.9358e-47,-1.845e-17
0.019762,-0.37439,-0.45812,0.42084,-0.20188,0.046467,0.10906
-0.18326,-0.2872,-0.24943,0.53768,-0.41977,8.8928e-05,-0.010204
-0.3936,-0.21592,0.017351,0.5524,-0.44917,-0.0091192,-0.30749
-0.39428,-0.14966,0.15265,0.45396,-0.25409,-0.0091192,-0.28244
-0.2857,-0.086664,0.19155,0.30387,-0.14288,-0.0091192,-0.26701
-0.15287,-0.055325,0.097173,0.24125,-0.03303,-0.0091192,-0.1706
-0.12087,-0.010044,0.060343,0.13163,-0.063824,-0.0091192,-0.093942
-0.20231,0.16556,0.2443,-0.024768,-0.09038,-0.057929,-0.23617
-0.38766,0.52698,0.6153,-0.27539,-0.046597,-0.17237,-0.39808
-0.37388,0.82808,0.68933,-0.45409,0.10667,-0.20646,-0.53638
-0.15709,0.82072,0.66144,-0.43927,0.42331,-0.12035,-0.55552
0.019595,0.57071,0.36387,-0.21481,0.57688,-0.055616,-0.37667
0.18307,0.39697,0.11203,-0.032811,0.45727,-3.9358e-47,-0.18162
0.16755,0.29746,1.5402e-23,-0.087183,0.20307,4.3177e-24,-0.050605
0.056432,0.29339,0.019703,-0.12863,0.12293,9.446e-46,-0.08947
0.0009657,0.42314,0.092455,-0.18819,0.10679,-0.0091192,-0.17456
-0.038159,0.45068,0.13518,-0.15947,0.077565,-0.0091192,-0.22109
-0.065577,0.37019,0.15986,-0.1189,0.079647,-0.0091192,-0.24129
-0.045424,0.34025,0.13458,-0.025038,0.065511,-0.0091192,-0.22638
-0.039569,0.25564,0.12107,-5.5098e-47,0.053561,-0.018238,-0.306
-0.060458,0.23404,0.16361,0.011481,0.06573,-0.028242,-0.38466
-0.094302,0.33458,0.18804,0.016262,0.072712,-0.03926,-0.33652
-0.095973,0.39134,0.20766,0.051821,0.12009,-0.026015,-0.42944
-0.022959,0.29035,0.18847,0.18648,0.19437,-3.9358e-47,-0.31673
0.13962,0.14045,0.030631,0.46831,0.41798,0.096294,-0.5131
0.24856,0.10983,-0.07804,0.52322,0.30674,0.05046,-0.40993
0.16218,0.16714,-0.060621,0.40568,0.20451,0.017814,-0.3051
0.054836,0.19146,0.0086871,0.27556,0.098126,-0.0091192,-0.34655
0.025233,0.19326,0.069917,0.27489,0.057686,-3.9358e-47,-0.33526
0.062811,0.11143,0.089328,0.33784,0.038783,-3.9358e-47,-0.3557
0.091169,0.070432,0.060219,0.41428,0.045572,-0.0091192,-0.4021
0.0786,0.097805,0.085979,0.37318,0.045918,-0.0091192,-0.362
0.049032,0.12493,0.10903,0.43861,0.02373,-9.1915e-10,-0.44177
0.068103,0.099801,0.05345,0.36986,0.051516,0.011507,-0.45125
0.10111,0.067275,-0.0086871,0.49035,0.074022,0.043716,-0.38436
0.17231,0.048046,-0.046038,0.49735,0.11353,0.053604,-0.37187
0.24288,4.8698e-40,-0.1351,0.61491,0.17101,0.019869,-0.44751
0.40101,-0.075664,-0.28415,0.73011,0.15962,0.039689,-0.34983
0.26699,-0.098175,-0.20909,0.72715,0.23648,5.0926e-20,-0.48371
0.17338,-0.023254,-0.041639,0.66084,0.22045,-0.0091192,-0.50149
0.046932,1.7531e-10,0.038637,0.36047,0.090279,-0.0091192,-0.2858
0.035815,-0.010044,0.048934,0.27693,3.217e-11,-0.0091192,-0.26457
0.13461,-0.14781,8.8454e-19,0.45797,-0.0097568,-0.0091192,-0.25682
0.22921,-0.2405,-0.040102,0.52867,-0.010076,-3.9358e-47,-0.26234
0.18453,-0.28027,-0.13031,0.61352,-4.3488e-47,-3.9358e-47,-0.21161
0.23748,-0.21913,-0.12265,0.54732,-4.3488e-47,-0.0091192,-0.084303
0.14355,-0.19757,-0.060614,0.3904,-0.010076,-0.0091192,-0.086393
0.19061,-0.23008,-0.069042,0.54332,-0.010076,-0.0091192,-0.21238
0.20987,-0.39256,-0.10016,0.70438,-0.020152,-0.0091192,-0.28838
0.15151,-0.33937,-0.12355,0.6942,-0.055131,-3.9358e-47,-0.27459
0.19045,-0.46169,-0.14851,0.76589,-0.05559,-3.9358e-47,-0.23985
0.15071,-0.36343,-0.1368,0.73014,-0.027625,-3.9358e-47,-0.30983
0.099211,-0.34086,-0.10901,0.72743,-0.035747,-0.0091192,-0.27459
0.099203,-0.42658,-0.1263,0.70769,-0.0399,-0.0091192,-0.22659
0.0099137,-0.35604,-0.061264,0.66586,-0.095957,-0.039391,-0.023726
-0.077085,-0.24001,-0.00087057,0.32605,-0.095922,-0.071247,-0.0069934
-0.13955,-0.19808,0.083059,0.18003,-0.17789,-0.087032,-0.017266
-0.21787,0.048733,0.25837,-0.28647,-0.10739,-0.1195,0.047965
-0.20527,0.11979,0.26428,-0.11359,-1.8157e-14,-0.095933,-0.010204
-0.10393,0.05986,0.32657,0.12859,0.11717,-0.083947,-0.26017
-0.056245,0.13138,0.3463,0.22837,0.21429,-0.07185,-0.31899
-0.10445,0.20639,0.21573,-0.052308,0.15866,-0.071767,-0.137
-0.019808,0.01324,0.052824,0.11316,0.04302,-0.031733,-0.22529
-1.8213e-32,-0.053366,-0.043088,0.10719,-0.020142,-0.025734,-0.10402
0.017232,-0.20914,-0.19983,0.11588,-0.25287,-0.018238,-0.072687
0.019862,-0.25673,-0.29039,0.15027,-0.40793,-0.0091192,-0.071556
-0.009904,-0.27599,-0.20936,0.1223,-0.39707,-0.027353,-0.038077
-0.077948,-0.20894,-0.097102,0.092344,-0.34132,-0.041472,-0.025867
-0.13609,-0.11245,-0.0086871,0.078595,-0.31033,-0.079626,-0.06004
-0.1435,-1.025e-20,0.097341,0.039313,-0.14215,-0.10583,-0.13862
-0.22566,0.085484,0.2443,0.025921,-3.2025e-07,-0.10543,-0.22169
-0.26485,0.27533,0.3699,0.039788,0.12666,-0.13275,-0.29734
-0.23118,0.15512,0.20933,0.031025,0.09336,-0.12529,-0.12501
-0.33888,0.18877,0.11937,-0.33803,0.059521,-0.10025,0.069237
-0.15705,0.021829,-0.0086871,-0.18378,-0.010076,-0.048757,0.09801
-0.044865,-0.010044,-0.015115,-0.060924,-0.010076,-0.040263,0.049298
-0.046614,-0.010044,0.0086829,-0.071823,0.065958,-0.052332,-0.010202
-0.024559,-0.010044,0.008714,0.0092551,0.10664,-0.073131,-0.010204
-0.019798,-0.059323,-0.017374,-0.017275,1.0294e-21,-0.05928,-3.2915e-21
-0.009904,-0.064407,-0.0086871,0.018796,0.087731,-0.062015,-0.010204
0.036021,-0.13802,-0.064919,0.1049,5.8961e-38,-0.018238,-0.010204
0.068384,-0.089811,-0.085722,0.024995,-0.010076,-2.944e-21,-0.010204
0.060218,-0.0031781,-0.050851,-0.047808,-0.010076,0.0091058,-4.404e-47
0.12995,0.011775,0.0086743,0.0939,0.010076,0.052848,-0.13861
0.15344,0.058559,0.042627,0.11894,0.06757,0.068936,-0.23157
0.20299,1.7915e-09,-0.0086871,0.089312,-0.010076,0.10738,-0.086848
0.21713,-0.031873,-0.043155,0.080794,-0.086924,0.095772,-0.017669
0.19965,-0.051181,-0.0091636,0.011059,-0.0881,0.11042,-0.010204
0.17429,-0.077716,-0.0086871,0.032813,-0.067567,0.093157,-0.010204
0.19532,-0.085268,-1.569e-16,0.049335,-0.066841,0.11028,-0.010204
0.13035,-1.7978e-08,0.063139,1.5422e-15,-1.849e-31,0.07448,-0.056731
0.14197,-0.057309,4.9812e-20,0.031221,1.5283e-35,0.088811,-0.010204
0.12319,-0.010044,-0.0238,-0.14941,4.3488e-47,0.10238,0.060744
0.16061,-0.095962,-0.065163,0.033217,4.3488e-47,0.097442,-0.010204
0.11076,-0.025489,-1.5743e-19,0.051169,0.11688,0.074917,-0.010204
8.2621e-10,0.1463,0.061635,-0.25515,0.19691,0.032463,1.8242e-12
-0.040557,0.30863,0.094333,-0.43829,0.37142,-0.0086056,0.21336
-0.088098,0.29536,0.11233,-0.30507,0.39516,-0.018238,0.17402
-0.12982,0.28982,0.069349,-0.36426,0.27967,-0.096308,0.16106
-0.078509,0.2256,0.048961,-0.14862,0.20554,-0.078203,-0.020392
-0.019808,0.26054,4.9749e-23,-0.082901,0.097393,-0.054831,-0.15517
-5.7175e-26,0.1881,-0.0086871,-8.9265e-18,0.03564,-0.023117,-0.19724
-1.0073e-17,0.18456,0.0495,0.065709,0.033751,-0.018239,-0.25727
0.057397,0.16007,0.1122,0.38411,0.10689,-3.9358e-47,-0.556
-0.0099039,0.24434,0.21211,0.29986,0.19234,0.0091191,-0.55311
-0.0099856,0.3274,0.245,0.28805,0.28466,0.031732,-0.42332
-0.019808,0.33021,0.12973,0.14092,0.13652,0.05044,-0.41288
-0.10153,0.4076,0.094831,-0.35626,0.090026,0.0091241,-0.027858
-6.2175e-47,0.20118,0.0086871,-0.030516,3.2193e-35,0.05522,-0.15049
-0.052505,0.28387,0.065921,-0.28497,0.053948,5.1972e-38,-0.058538
-0.057784,0.26965,0.13122,-0.043157,0.11635,3.9358e-47,-0.26669
-0.091974,0.27919,0.18527,0.013472,0.17668,-2.9881e-34,-0.36432
-0.14996,0.29982,0.1944,-0.075772,0.20453,-2.8919e-05,-0.28045
-0.0099042,0.16441,0.12815,0.17808,0.14827,0.060522,-0.37387
0.09462,0.1264,0.016637,0.17804,0.010076,0.10901,-0.23012
0.16764,0.090246,-0.017372,0.11427,4.3488e-47,0.1236,-0.10671
0.1569,0.089918,-0.043933,0.090062,0.0099284,0.065016,-0.084423
0.11153,0.066469,-0.091578,0.060736,0.029747,0.05232,-0.060817
0.083834,0.046752,-0.10036,0.034877,0.034918,0.035702,-0.023163
0.045718,0.015546,-0.083054,0.017317,0.033767,0.0091187,-0.025997
0.049617,0.010059,-0.075849,0.0088247,0.03395,0.018,-0.020408
0.014659,5.533e-13,-0.017422,5.5098e-47,1.7847e-23,4.2639e-07,-0.010204
6.2175e-47,6.3056e-47,-0.0086871,5.5098e-47,4.3488e-47,3.9358e-47,-0.010204
6.2175e-47,6.3056e-47,-0.0086871,5.5098e-47,4.3488e-47,3.9358e-47,-0.010204
6.2175e-47,6.3056e-47,-0.0086871,5.5098e-47,4.3488e-47,3.9358e-47,-0.010204
-0.009904,6.3056e-47,-0.0086871,5.5098e-47,4.3488e-47,3.9358e-47,-0.010204
-6.2175e-47,6.3056e-47,-0.0086871,5.5098e-47,4.3488e-47,3.9358e-47,-0.010204
-6.2175e-47,6.3056e-47,-0.0086871,5.5098e-47,4.3488e-47,3.9358e-47,-0.010204
-0.009904,6.3056e-47,-0.0086871,5.5098e-47,4.3488e-47,3.9358e-47,-0.010204
-0.009904,6.3056e-47,-0.0086871,5.5098e-47,4.3488e-47,3.9358e-47,-0.010204
-6.2175e-47,-0.010044,-0.0086871,-5.5098e-47,4.3488e-47,-0.0091192,-4.404e-47
-6.2175e-47,-0.010044,-0.0086871,-5.5098e-47,4.3488e-47,-0.0091192,-4.404e-47
-6.2175e-47,-0.010044,-0.0086871,-5.5098e-47,4.3488e-47,-0.0091192,-4.404e-47
-6.2175e-47,-0.010044,-0.0086871,-5.5098e-47,4.3488e-47,-0.0091192,-4.404e-47
-6.2175e-47,-0.010044,-0.0086871,-5.5098e-47,4.3488e-47,-0.0091192,-4.404e-47
-6.2175e-47,-0.010044,-0.0086871,-5.5098e-47,4.3488e-47,-0.0091192,-4.404e-47
0.044375,-1.0112e-08,-0.058746,-9.1508e-40,4.3488e-47,-1.6377e-11,-0.010203
0.049473,6.3056e-47,-0.042158,5.5098e-47,-0.010076,-0.0091192,-4.404e-47
0.009904,6.3056e-47,-0.017374,5.5098e-47,-0.010076,-0.0091192,-4.404e-47
6.2175e-47,6.3056e-47,-0.0086871,-0.0087766,-4.3488e-47,-0.0091192,-4.404e-47
0.29086,0.092247,-0.18876,-5.0268e-19,0.010076,0.043102,-0.010204
-0.074923,0.28109,0.23454,-0.0087766,-0.010076,0.12371,-0.020408
-0.27893,0.33718,0.51217,-0.024034,-0.020152,0.22751,-0.040541
-0.50662,0.3603,0.54823,-0.15579,-0.079376,0.046722,-1.8408e-15
-0.67679,0.12242,0.52256,-0.31536,-0.18046,-0.1639,0.097975
0.057137,0.10818,-0.31754,-0.34653,-0.27884,-0.15626,0.22974
0.34316,0.34882,-0.60641,-0.49034,-0.51484,-0.050429,0.26282
-0.42058,0.70497,0.16532,-0.50084,-0.63716,-0.10298,0.11414
-0.21656,0.68904,-0.14351,-0.49263,-0.68216,-0.14097,0.2259
0.2108,0.34139,-0.55689,-0.31596,-0.3171,-0.07769,0.27503
-0.089975,0.48876,-0.17438,-0.33653,-0.33469,-0.12346,0.031866
-0.31546,0.64235,-0.017954,-0.26883,-0.38669,-0.16099,-0.010204
-0.75578,0.79742,0.32052,-0.1865,-0.48818,-0.21229,-0.27553
-0.17366,0.71082,-0.20511,-0.15389,-0.51125,-0.20673,-0.1075
0.23878,0.37909,-0.52575,-0.017556,-0.32639,-0.069182,-1.0273e-08
0.50858,0.19302,-0.74834,0.0087766,-0.17651,0.043213,0.1212
0.61753,0.044699,-0.68533,-0.0087766,-0.043427,0.1443,0.2534
0.73518,0.25556,-0.71345,-0.0084986,-0.11307,0.27335,0.16085
0.79222,0.31916,-0.58543,-0.0087766,-0.14228,0.29608,0.2053
0.8588,0.45288,-0.71128,-0.035195,-0.23769,0.30079,0.22025
0.7485,0.46444,-0.64548,-0.041176,-0.2366,0.43273,0.28269
0.77631,0.52187,-0.74364,-0.037332,-0.30508,0.41186,0.26667
0.59395,0.71811,-0.69738,-0.016262,-0.46285,0.36523,0.2213
0.17018,0.55332,-0.5847,0.068973,-0.67583,0.12499,0.015663
0.035133,0.49526,-0.66768,0.14161,-0.70542,0.053612,-0.010204
3.1643e-35,0.51795,-0.5913,0.12098,-0.52701,0.036236,-3.2652e-13
-0.0098482,0.4795,-0.47157,0.14133,-0.60322,0.026583,-4.404e-47
-0.009904,0.43468,-0.5679,0.12669,-0.67874,0.026016,-4.404e-47
-0.009904,0.54126,-0.53551,0.18535,-0.47203,0.017814,0.010204
-5.7175e-26,0.52867,-0.47078,0.21308,-0.52332,0.017993,0.020405
-6.2175e-47,0.50548,-0.55695,0.22546,-0.46716,0.017814,0.030337
0.0148,0.52782,-0.44578,0.27026,-0.50688,0.014225,0.040916
0.036021,0.45368,-0.53126,0.32649,-0.49302,0.006734,0.047099
0.036273,0.52579,-0.47265,0.29352,-0.45805,0.0089567,0.056262
0.079711,0.43997,-0.36592,0.37363,-0.38299,9.2932e-24,0.039922
0.018361,0.24231,-0.1058,0.56793,-3.2239e-12,-0.3516,-0.019535
0.28224,-0.31655,-0.23218,0.72021,0.59738,-0.91306,0.16472
0.41799,-0.3897,-0.40202,0.79957,0.66091,-0.77347,0.15183
0.52726,-0.14577,-0.40186,1,0.75102,-0.37567,0.17614
0.74083,0.117,-0.57327,0.79954,0.45741,-9.2841e-18,0.30927
0.65174,0.37174,-0.74356,0.62988,0.061438,0.18306,0.532
0.5458,0.30966,-0.73612,0.36439,-0.1129,0.18738,0.65564
0.31493,0.23424,-0.74384,0.058463,-0.3073,0.12694,0.59967
0.20272,0.13262,-0.64995,-0.081298,-0.36354,-0.00911,0.7233
0.18029,-0.010044,-0.75607,-0.18229,-0.29603,-0.095527,0.59483
0.20023,-0.094982,-0.75663,-0.14041,-0.22483,-0.31011,0.60223
0.10199,-0.28575,-0.65068,-4.9704e-09,-0.12279,-0.60316,0.59175
0.069082,-0.27118,-0.48815,0.216,-0.092551,-0.71038,0.49965
0.20051,0.019768,-0.57634,0.59226,-1.8198e-16,-0.54974,0.44685
0.34602,0.29023,-0.52587,0.65219,0.086031,-0.19729,0.45119
0.3779,0.67778,-0.54632,0.62087,0.1603,0.020535,0.44813
0.37026,0.65809,-0.68322,0.72704,0.046567,0.095397,0.58635
0.32593,0.38195,-0.6986,0.47859,-0.010076,-0.018224,0.54867
0.29996,0.046468,-0.653,0.078519,-0.17313,-0.26443,0.44582
0.23363,-0.30423,-0.604,-0.21548,-0.40842,-0.58959,0.38188
0.067697,-0.6321,-0.31901,-0.49137,-0.40691,-0.76233,0.1755
0.10235,-0.62895,-0.19841,-0.54581,-0.28123,-0.43597,0.19258
0.10851,-0.31102,-0.16076,-0.3726,-0.19142,-0.068627,0.16973
0.035032,-0.010224,-0.084634,-0.25819,-0.076396,0.32597,0.25269
-0.009904,0.37844,-1.6175e-43,-0.0087775,-0.029957,0.66131,0.29263
-0.090887,0.56907,0.020049,0.17814,-1.8218e-17,0.59301,0.20194
-0.16576,0.70915,0.025734,0.43917,-0.069666,0.62963,0.078388
-0.26356,0.5522,0.00048913,0.49948,-0.25277,0.35345,0.030136
-0.26253,0.30122,-0.0086871,0.41411,-0.36943,-0.00911,-0.010204
-0.26915,-0.045371,-0.025657,0.1261,-0.35873,-0.33335,-0.07928
-0.13989,-0.31644,-0.020049,-0.016262,-0.29257,-0.61784,-0.15232
0.019549,-0.50329,-0.017374,-0.18936,-1.0281e-19,-0.65805,-0.28615
0.2255,-0.5957,-0.06077,-0.326,0.33279,-0.6986,-0.46357
0.43223,-0.40339,-0.030821,-0.42809,0.75849,-0.29666,-0.53798
0.43095,-0.37831,-5.4536e-47,-0.29134,0.77265,0.018237,-0.41689
0.46942,-0.043705,0.065621,-0.29418,0.6141,0.40563,-0.2162
0.35712,-0.010044,0.13136,-0.47852,0.46546,0.47619,-0.020411
0.31041,-0.26235,0.065441,-0.5786,0.14742,0.30893,0.1674
0.16298,-0.37549,2.7044e-12,-0.7305,-0.15523,0.10777,0.32132
0.097738,-0.6258,-0.044389,-0.64077,-0.37611,-0.1973,0.30317
0.12893,-0.72492,-0.098358,-0.47126,-0.26872,-0.67191,0.066052
0.23231,-0.59569,-0.14555,-0.18458,-0.010076,-0.72304,-0.010204
0.45711,-0.65559,-0.21794,-0.044722,0.2348,-0.64457,-0.010204
0.45021,-0.45604,-0.19813,0.013467,0.38041,-0.26391,-3.2509e-10
0.28956,0.072385,-0.053605,0.067495,0.28249,0.15077,0.16969
0.07213,0.30557,-8.7264e-07,0.072599,0.066658,0.62317,0.36899
-0.029707,0.16721,4.9828e-21,0.016262,-0.054101,0.36951,0.22151
-0.058954,-0.204,-0.0086871,7.4131e-21,-0.21886,-0.036385,5.8064e-09
0.042583,-0.62904,-0.12122,0.021393,-0.14797,-0.67837,-0.17446
0.17642,-0.63838,-0.14962,0.12972,0.029371,-0.69976,-0.29469
0.20579,-0.57114,-0.1852,0.2245,0.32222,-0.74224,-0.39535
0.42681,-0.55026,-0.32103,0.2455,0.33954,-0.62831,-0.38153
0.25429,-0.29799,-0.20626,0.17947,0.092345,-0.32468,-0.19109
0.056434,-0.2081,-0.12416,0.035637,-0.22637,-0.0091355,0.045521
-0.028255,0.017458,-0.082718,-0.02633,-0.40069,0.37417,0.36029
-0.028871,0.067355,-0.086029,-0.031025,-0.2428,0.35377,0.20263
0.014629,-0.10977,-0.11697,-9.0686e-32,-0.071494,-0.017992,1.8263e-08
0.10457,-0.28774,-0.15342,0.013849,-0.025793,-0.22578,-0.047708
0.20253,-0.38288,-0.21034,0.065608,-0.010076,-0.30269,-0.13937
0.27918,-0.44926,-0.25837,0.13271,0.033448,-0.41319,-0.17298
0.26411,-0.31755,-0.28093,0.27258,0.17022,-0.40776,-0.28051
0.29173,-0.25486,-0.25219,0.29062,0.22105,-0.3509,-0.24848
0.2047,-0.21447,-0.1994,0.22863,0.15688,-0.28982,-0.23489
0.16773,-0.24506,-0.14376,0.15316,0.14221,-0.29457,-0.26109
0.10896,-0.23567,-0.10932,0.17349,0.13208,-0.18648,-0.19495
0.10446,-0.21782,-0.086456,0.15099,0.11203,-0.21681,-0.24125
0.054443,-0.15194,-0.054868,0.13107,0.1118,-0.17984,-0.24234
0.063743,-0.12873,-0.050837,0.17285,0.15771,-0.15882,-0.24158
0.044539,-0.14793,-0.027567,0.1776,0.25863,-0.15916,-0.32231
0.094473,-0.20264,-0.045802,0.26655,0.32474,-0.25073,-0.4421
0.18272,-0.17064,-0.094938,0.37786,0.68552,-0.32001,-0.80284
0.18831,-0.08776,-0.084292,0.33436,0.76566,-0.28131,-0.8546
0.064164,-0.095619,-8.8155e-16,0.40345,0.61297,-0.16955,-0.91405
3.1112e-20,-0.075951,0.067207,0.38065,0.73439,-0.14046,-0.85866
0.018967,-1.8e-10,0.09435,0.44531,0.71691,-0.09134,-0.89045
-0.01248,0.075758,0.11722,0.52199,0.70764,-0.039679,-0.80879
-0.31293,0.14684,0.37012,0.73503,0.49544,-0.11427,-0.86826
-0.37296,0.14173,0.43057,0.60736,0.57446,-0.070217,-0.82616
-0.14723,0.12192,0.18205,0.4731,0.70313,-0.0091192,-0.94356
-0.098411,0.088063,0.19774,0.42804,0.8845,-2.905e-09,-0.87267
-0.17057,0.059741,0.2934,0.26972,0.72557,0.043121,-0.74249
-0.22387,0.035634,0.34025,0.31641,0.65495,0.12537,-1
-0.3032,0.067355,0.48724,0.36978,0.62668,0.18046,-0.73075
-0.34039,0.089087,0.52249,0.45004,0.62584,0.22755,-0.8646
-0.3069,0.23806,0.6074,0.51488,0.64623,0.33492,-0.86742
-0.24215,0.26241,0.44754,0.74437,0.58876,0.34144,-0.82992
-0.14426,0.30006,0.30017,0.81256,0.6603,0.24761,-0.77077
-0.054801,0.35653,0.12817,0.69899,0.50743,0.26717,-0.66898
0.048007,0.51139,-0.046344,0.81947,0.29598,0.18509,-0.33774
0.18236,0.4273,-0.42674,0.48016,-0.010076,-0.027357,0.15139
-0.019808,0.47062,-0.068927,0.55581,-5.7717e-20,-0.028699,-0.010204
-0.11118,0.32977,0.041702,0.57303,0.12011,-9.2748e-18,-0.21617
-0.11622,0.35655,0.098407,0.64287,0.17129,0.13252,-0.31353
-0.10817,0.42269,0.049265,0.81098,0.12587,0.11403,-0.26388
-0.13418,0.40963,0.091472,0.77693,0.1371,0.14963,-0.3698
-0.10019,0.412,0.1147,0.82957,0.15211,0.19252,-0.35586
-0.097832,0.41396,0.10036,0.76391,0.16376,0.2198,-0.32241
-0.027139,0.33761,-0.021175,0.39482,0.027542,0.075433,-0.04181
-1.504e-36,0.34049,-0.15813,0.39605,-0.058934,0.054237,0.12369
-0.009904,0.18037,-0.074338,0.15216,-0.1064,-0.0091192,0.11011
-0.03694,0.077391,-0.0087026,0.0952,-0.098164,-0.018194,0.057601
-0.02998,0.063483,0.017334,0.083762,-0.041833,-0.027119,-0.010204
-0.035897,0.047594,0.051301,0.052066,-0.038135,-0.027223,-0.010204
-0.031437,0.017476,0.042763,0.032811,-0.04004,-0.018225,-0.010204
-0.009904,6.3056e-47,0.0074149,0.0087765,-0.010076,-0.0091192,-0.010204
-0.009904,-0.010044,5.4536e-47,0.0087766,-0.020152,-0.0091192,-0.010204
-0.029446,-0.1756,1.3809e-43,-0.33109,-0.10608,-0.22784,0.13494
-0.049251,-0.27508,-0.0086871,-0.70605,-0.15127,-0.43148,0.30769
-0.038159,-0.35571,-2.7767e-12,-0.70466,-0.21833,-0.33924,0.39193
-0.024559,-0.38191,0.0084538,-0.53075,-0.34151,-0.20366,0.29942
0.019726,-0.32051,0.0086876,-0.58283,-0.3222,-0.10769,0.34398
0.024418,-0.35487,0.16278,-0.50258,-0.18883,-9.2123e-12,0.15112
-6.2175e-47,-0.42756,0.17094,-0.42523,-0.025389,2.9115e-11,-5.7656e-07
0.070389,-0.4839,0.025931,-0.61572,-0.11109,-0.018238,0.12351
0.084542,-0.51412,-0.034517,-0.73581,-0.22494,-0.10996,0.29636
0.060014,-0.42487,-4.9031e-06,-0.59059,-0.22644,-0.06035,0.28327
0.059023,-0.30948,-0.0086871,-0.4155,-0.21945,-0.030168,0.23209
0.088906,-0.26005,-0.025834,-0.32615,-0.16346,-9.4013e-30,0.24866
0.083755,-0.22137,-0.01888,-0.25625,-0.051522,0.054666,0.04726
-0.052572,-0.34844,0.11357,-0.20221,0.28936,-0.018235,-0.43343
-0.076242,-0.41655,0.12252,-0.35609,0.20313,-0.13032,-0.26223
-3.2197e-27,-0.39374,0.0088379,-0.49568,0.034483,-0.11132,-1.0262e-07
0.11245,-0.3261,-0.028794,-0.48933,-0.019143,-0.02321,0.086619
0.13059,-0.26281,-0.076183,-0.31596,-0.010076,-3.0152e-42,0.062195
0.15593,-0.19058,-0.076931,-0.19693,-3.1953e-05,-3.9358e-47,0.050747
0.11096,-0.14874,-0.057834,-0.1106,0.069012,-5.1353e-09,-0.039971
0.10086,-0.10149,-0.10081,-0.10006,0.058745,-0.0091192,-0.010204
0.12427,-0.099914,-0.11479,-0.092102,0.027595,-5.3422e-39,-1.8935e-40
0.18346,-0.12286,-0.11597,-0.16824,3.2502e-21,-3.9358e-47,0.020381
0.17092,-0.18804,-0.092642,-0.16032,0.11329,0.018,-0.010204
0.17586,-0.17487,-0.14876,-0.18989,0.087078,8.9205e-07,-0.020381
0.18237,-0.14252,-0.16658,-0.20223,0.056604,-0.0091192,-3.3822e-44
0.133,-0.079043,-0.13457,-0.12322,0.059503,-0.0091192,-0.010204
0.11344,-0.056395,-0.10109,-0.06726,0.05749,-0.0091192,-0.010204
0.1067,-0.03755,-0.11676,-0.055473,0.039438,-0.0091192,-0.010204
0.028255,-0.010044,-0.028738,-0.024809,0.048306,-2.8984e-07,-0.037096
0.025112,-0.015547,-0.031484,-0.0087766,0.061451,-0.0091192,-0.046436
0.0081874,-0.010044,-0.0086871,-0.0087766,0.0099284,-0.0091192,-0.010204
6.2175e-47,-0.010044,-0.0086871,-0.0087766,4.3488e-47,-0.0091192,-0.010204
6.2175e-47,-0.010044,-0.0086871,-0.0087766,4.3488e-47,-0.0091192,-0.010204
-5.6088e-09,-0.010044,-0.0086871,-0.0087766,4.3488e-47,-0.0091192,-0.010204
-0.009904,-0.010044,-0.0086871,-0.0087766,4.3488e-47,-0.0091192,-0.010204
-6.2175e-47,-0.010044,-0.0086871,-0.0087766,4.3488e-47,-0.0091192,-0.010204
-3.1479e-07,-0.010044,-0.0086871,-0.0087766,4.3488e-47,-0.0091192,-0.010204
-0.009904,-0.010044,-0.0086871,-0.0087766,4.3488e-47,-0.0091192,-0.010204
-3.2673e-40,-0.010044,-0.0086871,-0.0087766,4.3488e-47,-0.0091192,-0.010204
-0.009904,-0.010044,-0.0086871,-0.0087766,4.3488e-47,-0.0091192,-0.010204
-0.0099034,-0.010044,-0.0086871,-0.0087766,4.3488e-47,-0.0091192,-0.010204
-5.8151e-41,-0.010044,-0.0086871,-0.0087766,4.3488e-47,-0.0091192,-0.010204
-0.009904,-0.010044,-0.0086871,-0.0087766,4.3488e-47,-0.0091192,-0.010204
-6.2175e-47,-0.010044,-0.0086871,-0.0087766,4.3488e-47,-0.0091192,-0.010204
-3.2453e-34,-0.010044,-0.0086871,-0.0087766,4.3488e-47,-0.0091192,-0.010204
-0.009904,-0.010044,-0.0086871,-0.0087766,4.3488e-47,-0.0091192,-0.010204
-0.009904,-0.010044,-0.0086871,-0.0087766,4.3488e-47,-0.0091192,-0.010204
-0.009904,-0.010044,-0.0086871,-0.0087766,4.3488e-47,-0.0091192,-0.010204
-6.2175e-47,-6.3056e-47,-0.0086871,-5.5098e-47,-4.3488e-47,-3.9358e-47,4.404e-47
-6.2175e-47,-6.3056e-47,-0.0086871,-5.5098e-47,-4.3488e-47,-3.9358e-47,4.404e-47
-6.2175e-47,-6.3056e-47,-0.0086871,-5.5098e-47,-4.3488e-47,-3.9358e-47,4.404e-47
-6.2175e-47,-6.3056e-47,-0.0086871,-5.5098e-47,-4.3488e-47,-3.9358e-47,4.404e-47
-6.2175e-47,-6.3056e-47,-0.0086871,-5.5098e-47,-4.3488e-47,-3.9358e-47,4.404e-47
-6.2175e-47,-6.3056e-47,-0.0086871,-5.5098e-47,-4.3488e-47,-3.9358e-47,4.404e-47
-6.2175e-47,-6.3056e-47,-0.0086871,-5.5098e-47,-4.3488e-47,-3.9358e-47,4.404e-47
-6.2175e-47,-6.3056e-47,-0.0086871,-5.5098e-47,-4.3488e-47,-3.9358e-47,4.404e-47
-6.2175e-47,-6.3056e-47,-0.0086871,-5.5098e-47,-4.3488e-47,-3.9358e-47,4.404e-47
-6.2175e-47,-6.3056e-47,-0.0086871,-5.5098e-47,-4.3488e-47,-3.9358e-47,4.404e-47
-6.2175e-47,-6.3056e-47,-0.0086871,-5.5098e-47,-4.3488e-47,-3.9358e-47,4.404e-47
0.21255,0.010043,-0.13249,-0.0087766,4.3488e-47,0.022025,4.404e-47
0.40594,-0.015515,-0.38642,0.0087766,0.034949,0.041674,0.059586
0.084516,0.03896,-0.057435,-0.017549,5.7971e-23,9.2109e-12,0.010204
-0.040717,0.16351,0.00027546,-0.16755,-0.079376,-0.062014,0.02014
0.10035,0.17758,-0.1368,-0.28437,-0.122,-0.083778,0.12351
0.42394,0.25319,-0.4184,-0.4212,-0.21893,-0.10473,0.28699
0.45089,0.24465,-0.64159,-0.58634,-0.28666,-0.10477,0.40021
0.50106,0.2563,-0.50895,-0.70066,-0.27658,-0.093593,0.47708
0.33349,0.1058,-0.53766,-0.58389,-0.21021,-0.2227,0.37431
0.069206,0.40205,-0.31843,-0.14753,-0.39887,-0.30357,-0.063783
-0.18909,0.78735,0.18005,-0.050036,-0.24223,-0.10436,-0.42173
-0.33689,0.77792,0.25115,-0.029094,-0.23474,-0.14048,-0.53988
-0.23684,0.49581,0.058049,-0.042969,-0.20065,-0.10635,-0.29517
-0.1473,0.36346,0.017422,-0.052993,-0.25685,-0.10007,-0.23164
-0.20384,0.46153,0.009402,-0.039914,-0.2694,-0.17646,-0.36432
-0.39722,0.79182,0.15504,-0.040697,-0.35292,-0.27235,-0.47834
-0.25655,0.65768,-0.026061,-0.034698,-0.45554,-0.23884,-0.45615
-0.10819,0.62877,-0.24451,-0.022249,-0.46552,-0.22856,-0.26854
0.01979,0.42983,-0.51032,-0.017552,-0.46072,-0.11714,-0.11178
0.14261,0.44851,-0.53628,-0.022361,-0.52532,-0.12385,-0.069333
0.2309,0.40823,-0.6677,-0.024031,-0.52743,-0.08641,-0.058173
0.28981,0.46207,-0.62478,-0.0087766,-0.6028,-0.048825,-0.038131
0.27638,0.57417,-0.6496,-0.0084986,-0.52745,-0.048757,-0.058502
0.28179,0.63103,-0.66665,-0.017325,-0.71023,-0.10577,-0.069391
0.3525,0.6012,-0.77913,-0.017323,-0.67954,0.0091192,-0.020408
0.40218,0.48779,-0.73189,-0.0087766,-0.58609,0.095938,-0.020408
0.19689,0.61361,-0.49595,-0.0087766,-0.50498,0.078163,-0.088776
0.012956,0.48447,-0.43577,-0.0087609,-0.46892,-0.0091192,-0.12819
-0.1443,0.43443,-0.38335,-8.8762e-13,-0.44388,-0.096234,-0.14239
-0.41045,0.26671,-0.16147,-5.5098e-47,-0.21403,-0.23207,-0.14976
-0.52017,0.2154,-0.10608,-0.0087766,-0.21394,-0.32492,-0.1747
-0.55863,0.19555,-0.11062,-0.0087766,-0.17232,-0.20386,-0.10698
-0.46038,0.24063,-0.13612,-0.025908,-0.23848,-0.24606,-0.13531
-0.35334,0.15341,-0.14234,-0.022467,-0.1467,-0.10429,-0.086375
-0.27904,0.22102,-0.17655,-0.0087766,-0.18554,-0.098023,-0.1096
-0.15297,0.25853,-0.2322,-0.017553,-0.19476,-0.0091192,-0.065027
-0.019808,0.31746,-0.27946,-0.015185,-0.30734,0.023233,-0.071007
-6.2175e-47,0.48125,-0.33293,-0.0087766,-0.39479,0.061151,-0.071052
0.022927,0.65711,-0.34237,-8.5178e-05,-0.61181,0.061326,-0.10212
0.075118,0.68041,-0.48604,-0.0087716,-0.8144,0.11186,-0.16736
-0.009904,0.38888,-0.35726,0.0074853,-0.42285,0.013656,-0.11503
-0.25438,0.10801,-0.20486,0.048432,0.026553,-0.33749,-0.020408
-0.51819,-0.41261,0.0086822,0.096916,0.74268,-0.60154,-1.8366e-18
-0.35272,-0.56801,0.093322,0.086438,0.82296,-0.41425,0.067223
-0.30203,-0.47467,0.075241,-0.0087766,0.58817,-0.097082,0.076931
-0.16277,-0.15206,-0.046498,-0.0087766,0.29407,-1.6961e-42,0.04072
-0.086593,0.15419,-0.22843,-0.0087766,-0.010076,0.10201,4.404e-47
0.029139,0.51716,-0.35921,-0.0087766,-0.23876,0.26675,4.404e-47
0.30758,0.63413,-0.41128,-8.987e-24,-0.4832,0.41162,0.010204
0.16702,0.6833,-0.42472,0.020406,-0.57992,0.28477,-0.010204
0.1498,0.69204,-0.49057,0.10494,-0.52914,0.23821,-0.010204
0.22259,0.32417,-0.24036,0.12532,-0.12687,0.1655,-0.010203
0.20326,-0.11594,-0.057468,0.2119,0.23525,-0.017725,-0.018592
0.10088,-0.86037,-0.18997,0.27394,0.37217,-0.53644,0.238
0.4244,-1,-0.38594,0.22979,0.35396,-0.083279,0.35146
0.87935,-0.82671,-0.59202,0.10039,0.18575,0.53483,0.32356
1,-0.52158,-0.72131,0.017783,-0.028424,0.69007,0.49545
0.83541,-0.1464,-1,5.5098e-47,-0.4246,0.87674,0.65123
0.51835,-1.8079e-13,-0.68016,1.5726e-09,-0.56514,0.48476,0.49936
0.3844,0.14523,-0.82166,0.0087766,-0.68775,0.49302,0.74006
0.27834,0.18962,-0.5687,0.042843,-0.51907,0.35076,0.75823
0.19284,0.096328,-0.39635,0.057461,-0.30248,0.1343,0.9595
0.4023,0.036588,-0.30155,0.11665,-3.2794e-28,0.24331,0.61935
0.43823,-0.061185,-0.25404,0.24116,0.10093,0.068337,0.63027
0.48058,-0.18897,-0.45496,0.47915,0.14185,-0.045113,0.52384
0.58154,-0.14806,-0.47643,0.60336,0.0017933,-0.26081,0.53208
0.5247,0.037549,-0.63395,0.6962,-0.1369,-0.00016265,0.47782
0.47316,0.2154,-0.73195,0.48439,-0.31257,0.23085,0.49538
0.44384,0.075542,-0.62616,0.40097,-0.13712,0.073172,0.54312
0.47729,-0.13319,-0.57373,0.25992,-1.0399e-30,-0.090086,0.57076
0.3918,-0.51749,-0.47047,0.023097,0.22508,-0.4309,0.53622
0.29636,-0.60357,-0.39333,-0.019922,0.19445,-0.57126,0.60168
0.34212,-0.35226,-0.59306,-1.5995e-24,0.07938,-0.30473,0.43146
0.45023,-0.099961,-0.61334,0.05234,-0.02564,0.041847,0.63692
0.37474,0.16092,-0.7328,0.15553,-0.21046,0.48433,0.52075
0.42358,0.4,-0.67035,0.20183,-0.21198,0.73329,0.524
0.48048,0.17763,-0.68918,0.11843,-0.055775,0.49679,0.56595
0.48839,-0.19237,-0.55847,-0.055423,-4.3488e-47,0.12886,0.51262
0.51376,-0.72758,-0.63117,-0.30902,0.13286,-0.1598,0.59346
0.48532,-0.80634,-0.46267,-0.3718,0.13297,-0.48355,0.36594
0.49274,-0.93385,-0.45174,-0.33122,0.14763,-0.50874,0.30072
0.35746,-0.79463,-0.34427,-0.20788,0.1201,-0.74132,0.17145
0.2871,-0.77878,-0.25981,-0.1683,0.0017933,-0.72954,0.15429
0.30053,-0.74998,-0.34899,-0.10195,4.3488e-47,-0.7406,0.17095
0.39143,-0.61723,-0.39394,-0.083844,4.3488e-47,-0.8108,0.21083
0.55049,-0.92571,-0.62444,-0.049305,4.3488e-47,-0.67193,0.29843
0.59405,-0.67237,-0.52128,-0.053709,-0.010076,-0.40998,0.32652
0.58135,-0.29065,-0.59846,-0.085406,-0.025542,0.024034,0.34529
0.52318,0.075861,-0.53578,-0.042598,-5.9094e-40,0.45587,0.29846
0.35805,0.35794,-0.52189,0.034728,-0.010076,0.65434,0.18234
0.071131,0.40348,-0.23851,0.33493,1.7931e-07,0.55597,-0.043857
0.036009,0.099232,-0.14574,0.54345,0.013178,-0.0088287,-0.26458
0.1262,-0.076411,-0.084541,0.59317,0.066718,-0.31816,-0.2879
0.27722,-0.26776,-0.087942,0.48206,0.12268,-0.70312,-0.26031
0.27918,-0.37693,-0.1299,0.34048,0.16618,-0.68918,-0.21231
0.26223,-0.38957,-0.10641,0.29024,0.14041,-0.62144,-0.10194
0.23977,-0.33429,-0.10506,0.26406,0.083156,-0.61866,-3.2985e-22
0.18505,-0.27211,-0.099554,0.37827,0.09117,-0.6496,0.26701
0.070122,-0.089667,-0.066953,0.3807,0.027524,-0.33228,0.57153
3.2339e-35,0.1105,-0.033476,0.21115,0.046722,0.063758,0.56349
-0.029251,0.32763,-9.0575e-40,0.12068,0.15114,0.61477,0.32623
-0.040562,0.23668,0.0046475,0.086406,0.10629,0.38276,0.090599
-1.7887e-16,-0.010034,-0.0086871,0.13427,0.11862,-0.0090677,-0.010204
0.13412,-0.26339,-0.050662,0.21494,0.041504,-0.41596,-0.098113
0.26428,-0.38093,-0.14302,0.29611,0.090598,-0.61787,-0.14951
0.20189,-0.24987,-0.17202,0.40516,0.029056,-0.6698,-0.088835
0.17201,-0.10916,-0.13141,0.41537,0.020153,-0.40954,-0.021956
0.10741,-0.010099,-0.1104,0.33636,0.086536,-0.2995,-0.046273
0.1766,-6.3056e-47,-0.10651,0.35869,0.25941,-0.30071,-0.18295
0.33929,-0.010044,-0.14259,0.45524,0.53812,-0.46623,-0.43023
0.14491,-0.14064,-0.05536,0.32421,0.48808,-0.41392,-0.42014
0.074497,-0.21186,-5.0662e-35,0.30658,0.3439,-0.35055,-0.45294
0.06311,-0.19815,0.016096,0.26311,0.32332,-0.35203,-0.43619
0.08508,-0.077716,0.056903,0.4029,0.62951,-0.32732,-0.69438
-0.009904,-5.7398e-17,0.15798,0.54353,0.77165,-0.32118,-0.77733
-0.11902,0.11227,0.24747,0.73003,0.58755,-0.2314,-0.72281
-0.53037,0.17973,0.57558,0.78147,0.032947,-0.15847,-0.3264
-0.29632,0.35343,0.27152,0.79479,0.40698,-0.15701,-0.50073
-3.1692e-13,0.30705,-0.023313,0.69194,0.69213,-0.17274,-0.71288
0.067043,0.36391,-0.10064,0.5496,0.68955,-0.13944,-0.54722
-0.1165,0.37612,0.10056,0.74528,0.40723,-0.16101,-0.63301
-0.2526,0.31446,0.34303,0.64967,0.38595,-0.1744,-0.51866
-0.073436,0.31381,0.057965,0.56893,0.87219,-0.14612,-0.76509
-3.2785e-43,0.18278,-0.0086871,0.50665,0.75146,-0.096524,-0.81079
-0.009904,0.15506,-5.4536e-47,0.43461,0.61616,-0.060613,-0.9003
-0.019663,0.13146,0.057957,0.28056,0.82226,-0.019819,-0.81325
-0.086167,0.070437,0.23326,0.30101,0.72433,-3.9358e-47,-0.88941
-0.094687,0.061985,0.319,0.27742,0.51196,0.098013,-0.8821
-0.15345,0.10822,0.47712,0.38799,0.52582,0.29076,-0.77119
-0.21827,0.083845,0.63689,0.35429,0.45491,0.27065,-0.89892
-0.23523,0.14142,0.58907,0.48734,0.3411,0.44119,-0.71165
-0.25872,0.12076,0.79555,0.37434,0.010078,0.27641,-0.43241
-0.23791,0.061321,0.78474,0.19167,-0.11292,0.25483,-0.30748
-0.18794,0.029301,0.4828,0.099836,-0.16346,0.16635,-0.13835
-0.054793,0.010044,0.17104,0.025039,-0.033401,0.028316,-0.020408
-0.009904,6.3056e-47,0.028738,4.4078e-45,-0.010076,3.9358e-47,-0.010204
-0.009904,6.3056e-47,0.0086156,5.5098e-47,-0.010076,3.9358e-47,-0.010204
-0.009904,6.3056e-47,5.4536e-47,5.5098e-47,-0.010076,3.9358e-47,-0.010204
-0.067296,6.3056e-47,0.12246,0.01626,-0.010076,0.038956,-0.10415
-0.077808,-0.010044,0.22818,0.095427,0.098484,0.044254,-0.26026
-0.10671,-0.010044,0.2119,0.12369,0.33774,0.036436,-0.4844
-0.090368,-1.0078e-05,0.281,0.19639,0.5457,0.031732,-0.75917
-0.084586,-0.010044,0.24678,0.27975,0.62417,0.070562,-0.8648
-0.10107,-6.3056e-47,0.2585,0.31983,0.65417,0.097016,-0.68244
-0.097783,-6.3056e-47,0.21169,0.31705,0.76037,0.098668,-0.89318
-0.075566,0.058256,0.25212,0.42612,0.61099,0.1859,-0.89386
-0.039771,0.08279,0.14001,0.53219,0.6668,0.18155,-0.77111
-1.0062e-16,0.16392,0.10352,0.66524,0.67256,0.35102,-0.89828
0.054791,0.21539,-0.043392,0.7103,0.71001,0.39394,-0.81305
0.19564,0.19103,-0.46099,0.47539,0.4373,0.16325,-0.16552
0.18398,0.15976,-0.59927,0.35307,0.32247,0.12676,-0.010204
0.10998,0.09996,-0.4904,0.1825,0.35292,0.051494,-0.08735
0.088348,0.019827,-0.28764,0.10093,0.27056,0.0091192,-0.10905
0.057742,0.010044,-0.23715,0.0929,0.21534,0.01585,-0.10394
0.021366,6.3056e-47,-0.18236,0.10139,0.20942,0.025424,-0.13731
0.020628,-0.010044,-0.15146,0.093036,0.16135,0.021048,-0.13246
0.025158,-0.010044,-0.14329,0.053493,0.13307,0.0091192,-0.097176
0.029562,-0.010044,-0.1385,0.050687,0.12176,1.6524e-23,-0.057304
6.2175e-47,-5.7984e-26,-0.03082,0.0087766,0.010076,3.9358e-47,-0.010209
3.1603e-39,-6.3056e-47,-0.0086871,5.5098e-47,4.3488e-47,3.9358e-47,-0.010204
6.2175e-47,-6.3056e-47,-0.0086871,5.5098e-47,4.3488e-47,3.9358e-47,-0.010204
6.2175e-47,-0.010044,-0.0086871,-5.0552e-24,4.3488e-47,3.9358e-47,-0.010204
-3.2489e-35,-1.0273e-22,-0.0086871,-5.5098e-47,4.3488e-47,3.9358e-47,-0.010204
-0.009904,-0.010044,-0.0086871,-5.5098e-47,4.3488e-47,3.9358e-47,-0.010204
-3.1408e-05,-6.3056e-47,-0.0086871,-5.5098e-47,4.3488e-47,3.9358e-47,-0.010204
-6.2175e-47,-6.3056e-47,-0.0086871,-5.5098e-47,4.3488e-47,3.9358e-47,-0.010204
-0.009904,-0.010044,-0.0086871,-5.5098e-47,4.3488e-47,3.9358e-47,-0.010204
-0.009904,-0.010044,-0.0086871,-5.5098e-47,4.3488e-47,3.9358e-47,-0.010204
-0.009904,-6.3056e-47,-0.0086871,-5.5098e-47,4.3488e-47,3.9358e-47,-0.010204
-6.2175e-47,-5.8908e-40,-0.0086871,-5.5098e-47,4.3488e-47,3.9358e-47,-0.010204
-0.009904,-0.010044,-0.0086871,-5.5098e-47,4.3488e-47,3.9358e-47,-0.010204
-0.009904,-6.3056e-47,-0.0086871,-5.5098e-47,4.3488e-47,3.9358e-47,-0.010204
